ticker,name,sector,index,market_cap,price,avg_dollar_volume,exchange,quote_type,exclusion_reasons
CBOE,Cboe Global Markets,Financials,S&P 500,30387337216.0,290.98,299962552.6,BTS,EQUITY,exchange=BTS
CPRI,Capri Holdings,Consumer Discretionary,S&P 400 (MidCap),1767282688.0,15.55,68084120.0,NYQ,EQUITY,market_cap=1767282688
SAM,Boston Beer Company,Consumer Staples,S&P 400 (MidCap),1913782400.0,183.78,37577496.6,NYQ,EQUITY,market_cap=1913782400
AAT,American Assets Trust,Real Estate,S&P 600 (SmallCap),1750034944.0,22.56,9686136.0,NYQ,EQUITY,market_cap=1750034944
ABR,Arbor Realty Trust,Financials,S&P 600 (SmallCap),1058241472.0,5.22,25344979.2,NYQ,EQUITY,market_cap=1058241472
ADAM,"Adamas Trust, Inc.",Real Estate,S&P 600 (SmallCap),913178560.0,10.16,10996168.0,NMS,EQUITY,market_cap=913178560
ADIG,ADI Global Distribution,Information Technology,S&P 600 (SmallCap),1911959808.0,25.24,30708750.799999997,NYQ,EQUITY,market_cap=1911959808
ADNT,Adient,Consumer Discretionary,S&P 600 (SmallCap),1435544832.0,18.62,20725922.0,NYQ,EQUITY,market_cap=1435544832
AESI,"Atlas Energy Solutions, Inc.",Energy,S&P 600 (SmallCap),1467540480.0,11.74,45693371.4,NYQ,EQUITY,market_cap=1467540480
AGNT,"eXp World Holdings, Inc.",Real Estate,S&P 600 (SmallCap),703306432.0,4.28,6540610.4,NGM,EQUITY,market_cap=703306432; price=4.28
AHCO,AdaptHealth Corp.,Health Care,S&P 600 (SmallCap),785032384.0,5.77,37999777.5,NCM,EQUITY,market_cap=785032384
AIN,Albany International Corp.,Industrials,S&P 600 (SmallCap),1810180864.0,63.84,27474182.400000002,NYQ,EQUITY,market_cap=1810180864
AMN,"Amn Healthcare Services, Inc.",Health Care,S&P 600 (SmallCap),1256400896.0,32.44,31950480.4,NYQ,EQUITY,market_cap=1256400896
AMPH,"Amphstar Pharmaceuticals, Inc.",Health Care,S&P 600 (SmallCap),849908096.0,19.98,10692297.0,NMS,EQUITY,market_cap=849908096
AMSF,"Amerisafe, Inc.",Financials,S&P 600 (SmallCap),521274144.0,27.87,9014272.8,NMS,EQUITY,market_cap=521274144
ANIP,"ANI Pharmaceuticals, Inc.",Health Care,S&P 600 (SmallCap),1725417984.0,75.115,34326803.849999994,NGM,EQUITY,market_cap=1725417984
AORT,Artivion,Health Care,S&P 600 (SmallCap),1396378112.0,28.64,23737977.6,NYQ,EQUITY,market_cap=1396378112
AOSL,"Alpha and Omega Semiconductor, Ltd.",Information Technology,S&P 600 (SmallCap),1085844992.0,36.28,17164068.0,NMS,EQUITY,market_cap=1085844992
APOG,"Apogee Enterprises, Inc.",Industrials,S&P 600 (SmallCap),896710592.0,42.97,6315730.6,NMS,EQUITY,market_cap=896710592
ARLO,Arlo Technologies,Information Technology,S&P 600 (SmallCap),1499053312.0,13.93,22920561.3,NYQ,EQUITY,market_cap=1499053312
ASTE,"Astec Industries, Inc.",Industrials,S&P 600 (SmallCap),994005120.0,43.17,16899759.900000002,NMS,EQUITY,market_cap=994005120
ASTH,"Astrana Health, Inc.",Health Care,S&P 600 (SmallCap),1775340416.0,35.79,21257828.4,NCM,EQUITY,market_cap=1775340416
ATEN,"A10 Networks, Inc.",Information Technology,S&P 600 (SmallCap),1996022016.0,27.49,42935806.3,NYQ,EQUITY,market_cap=1996022016
AZTA,"Azenta, Inc.",Health Care,S&P 600 (SmallCap),1468895360.0,33.53,25733269.1,NMS,EQUITY,market_cap=1468895360
BFS,"Saul Centers, Inc.",Real Estate,S&P 600 (SmallCap),1194677760.0,34.4,4027552.0,NYQ,EQUITY,market_cap=1194677760; dollar_volume=4027552.0
BJRI,"BJ's Restaurants, Inc.",Consumer Discretionary,S&P 600 (SmallCap),1482781312.0,69.7,40520792.0,NMS,EQUITY,market_cap=1482781312
BL,"BlackLine Systems, Inc.",Information Technology,S&P 600 (SmallCap),1651920256.0,28.42,36422219.4,NMS,EQUITY,market_cap=1651920256
BLFS,"BioLife Solutions, Inc.",Health Care,S&P 600 (SmallCap),1710267520.0,34.97,18534799.4,NCM,EQUITY,market_cap=1710267520
CASH,"Pathward Financial, Inc.",Financials,S&P 600 (SmallCap),1783393152.0,85.85,11294426.0,NMS,EQUITY,market_cap=1783393152
CBRL,Cracker Barrel,Consumer Discretionary,S&P 600 (SmallCap),1312924800.0,58.74,44465005.2,NMS,EQUITY,market_cap=1312924800
CCOI,"Cogent Communications Holdings, Inc.",Communication Services,S&P 600 (SmallCap),524961280.0,10.25,19692607.5,NMS,EQUITY,market_cap=524961280
CERT,"Certara, Inc.",Health Care,S&P 600 (SmallCap),1221835648.0,8.01,35447694.3,NMS,EQUITY,market_cap=1221835648
CFFN,Capitol Federal Savings Bank,Financials,S&P 600 (SmallCap),1095520768.0,8.88,8152017.600000001,NMS,EQUITY,market_cap=1095520768
CNMD,CONMED Corporation,Health Care,S&P 600 (SmallCap),1481987712.0,49.48,28056149.599999998,NYQ,EQUITY,market_cap=1481987712
CNXC,Concentrix,Industrials,S&P 600 (SmallCap),1495559808.0,24.51,25229123.400000002,NMS,EQUITY,market_cap=1495559808
COLL,"Collegium Pharmaceutical, Inc.",Health Care,S&P 600 (SmallCap),833548160.0,25.7,21116405.0,NMS,EQUITY,market_cap=833548160
COTY,Coty,Consumer Staples,S&P 600 (SmallCap),2430087424.0,2.76,22655680.799999997,NYQ,EQUITY,price=2.76
CPF,Central Pacific Financial Corp.,Financials,S&P 600 (SmallCap),996683072.0,38.71,5448819.600000001,NYQ,EQUITY,market_cap=996683072
CRI,"Carter's, Inc.",Consumer Discretionary,S&P 600 (SmallCap),1433938944.0,39.06,51689269.800000004,NYQ,EQUITY,market_cap=1433938944
CRSR,Corsair Gaming,Information Technology,S&P 600 (SmallCap),1397646336.0,12.92,37062570.4,NMS,EQUITY,market_cap=1397646336
CSR,Centerspace Trust,Real Estate,S&P 600 (SmallCap),974295104.0,55.06,8775462.8,NYQ,EQUITY,market_cap=974295104
CTS,CTS Corporation,Information Technology,S&P 600 (SmallCap),1816745216.0,63.62,12609484.0,NYQ,EQUITY,market_cap=1816745216
CWEN-A,"Clearway Energy, Inc. (Class A)",Utilities,S&P 600 (SmallCap),,,,,,market_cap=None; price=None; dollar_volume=None; exchange=None; quote_type=None
CXM,"Sprinklr, Inc.",Information Technology,S&P 600 (SmallCap),1578701824.0,6.74,18500963.0,NYQ,EQUITY,market_cap=1578701824
DCH,Dauch Corporation,Consumer Discretionary,S&P 600 (SmallCap),1610959232.0,6.78,25691047.2,NYQ,EQUITY,market_cap=1610959232
DCOM,"Dime Community Bancshares, Inc.",Financials,S&P 600 (SmallCap),1806446336.0,40.91,15152245.799999999,NYQ,EQUITY,market_cap=1806446336
DEA,"Easterly Government Properties, Inc.",Real Estate,S&P 600 (SmallCap),1205542912.0,24.6,10221054.0,NYQ,EQUITY,market_cap=1205542912
DFH,"Dream Finders Homes, Inc.",Consumer Discretionary,S&P 600 (SmallCap),1305516672.0,14.39,12637010.200000001,NYQ,EQUITY,market_cap=1305516672
DFIN,"Donnelley Financial Solutions, Inc.",Financials,S&P 600 (SmallCap),1171493632.0,47.65,13628853.0,NYQ,EQUITY,market_cap=1171493632
DLX,Deluxe Corporation,Industrials,S&P 600 (SmallCap),1089086848.0,23.75,11037812.5,NYQ,EQUITY,market_cap=1089086848
DMC,Del Monte Corporation,Consumer Staples,S&P 600 (SmallCap),1419572608.0,30.11,12747971.799999999,NYQ,EQUITY,market_cap=1419572608
DXC,DXC Technology,Information Technology,S&P 600 (SmallCap),1706436480.0,10.68,46461951.6,NYQ,EQUITY,market_cap=1706436480
EFC,"Ellington Financial, Inc.",Financials,S&P 600 (SmallCap),1788627584.0,13.62,18667299.599999998,NYQ,EQUITY,market_cap=1788627584
EFOR,Everforth Inc.,Information Technology,S&P 600 (SmallCap),1341520000.0,32.72,38373034.4,NYQ,EQUITY,market_cap=1341520000
EGBN,Eagle Bancorp Inc,Financials,S&P 600 (SmallCap),876719040.0,28.76,7052814.800000001,NCM,EQUITY,market_cap=876719040
EIG,"Employers Holdings, Inc.",Financials,S&P 600 (SmallCap),864079936.0,48.11,9895745.9,NYQ,EQUITY,market_cap=864079936
ENOV,Enovis,Health Care,S&P 600 (SmallCap),1423859840.0,24.69,37215237.0,NYQ,EQUITY,market_cap=1423859840
ENR,Energizer,Consumer Staples,S&P 600 (SmallCap),1559141376.0,22.77,28832740.2,NYQ,EQUITY,market_cap=1559141376
EPAC,Enerpac Tool Group,Industrials,S&P 600 (SmallCap),1923591040.0,37.32,12006590.4,NYQ,EQUITY,market_cap=1923591040
EPC,Edgewell Personal Care,Consumer Staples,S&P 600 (SmallCap),1320908288.0,28.66,19365275.4,NYQ,EQUITY,market_cap=1320908288
EVTC,"EVERTEC, Inc.",Financials,S&P 600 (SmallCap),1873874688.0,30.41,13460682.4,NYQ,EQUITY,market_cap=1873874688
EYE,National Vision Holdings,Consumer Discretionary,S&P 600 (SmallCap),1542422400.0,19.51,45657106.900000006,NMS,EQUITY,market_cap=1542422400
EZPW,"EZCORP, Inc.",Financials,S&P 600 (SmallCap),1776327936.0,28.91,34952479.1,NMS,EQUITY,market_cap=1776327936
FBRT,"Franklin BSP Realty Trust, Inc.",Real Estate,S&P 600 (SmallCap),668515584.0,8.05,12793140.500000002,NYQ,EQUITY,market_cap=668515584
FLO,Flowers Foods,Consumer Staples,S&P 600 (SmallCap),1519991552.0,7.17,39343725.9,NYQ,EQUITY,market_cap=1519991552
FMC,FMC Corporation,Materials,S&P 600 (SmallCap),1282322816.0,10.24,42958131.2,NYQ,EQUITY,market_cap=1282322816
FOXF,Fox Factory,Consumer Discretionary,S&P 600 (SmallCap),912913280.0,21.72,18050840.4,NMS,EQUITY,market_cap=912913280
FTRE,Fortrea,Health Care,S&P 600 (SmallCap),1743182976.0,18.33,31255216.199999996,NMS,EQUITY,market_cap=1743182976
FUN,Six Flags,Consumer Discretionary,S&P 600 (SmallCap),1682080256.0,16.44,50676957.6,NYQ,EQUITY,market_cap=1682080256
GBX,"The Greenbrier Companies, Inc.",Industrials,S&P 600 (SmallCap),1407136896.0,45.48,16986780.0,NYQ,EQUITY,market_cap=1407136896
GIII,"G-III Apparel Group, Ltd.",Consumer Discretionary,S&P 600 (SmallCap),1411696512.0,33.46,13561672.6,NMS,EQUITY,market_cap=1411696512
GNL,"Global Net Lease, Inc.",Real Estate,S&P 600 (SmallCap),1896261504.0,8.99,31662510.3,NYQ,EQUITY,market_cap=1896261504
GO,Grocery Outlet,Consumer Staples,S&P 600 (SmallCap),1006043584.0,10.17,27123695.1,NMS,EQUITY,market_cap=1006043584
GT,Goodyear Tire and Rubber Company,Consumer Discretionary,S&P 600 (SmallCap),1738908416.0,6.04,57892554.4,NMS,EQUITY,market_cap=1738908416
GTM,ZoomInfo,Communication Services,S&P 600 (SmallCap),1123684736.0,3.86,33562854.4,NMS,EQUITY,market_cap=1123684736; price=3.86
HAFC,Hanmi Financial Corporation,Financials,S&P 600 (SmallCap),956188480.0,32.25,7186267.5,NMS,EQUITY,market_cap=956188480
HCSG,"Healthcare Services Group, Inc.",Industrials,S&P 600 (SmallCap),1427549696.0,20.8,15661360.0,NMS,EQUITY,market_cap=1427549696
HFWA,Heritage Financial Corporation,Financials,S&P 600 (SmallCap),1218874624.0,29.79,11838843.9,NMS,EQUITY,market_cap=1218874624
HLIT,Harmonic Inc.,Information Technology,S&P 600 (SmallCap),1301957120.0,12.0,15768600.0,NMS,EQUITY,market_cap=1301957120
HLX,"Helix Energy Solutions Group, Inc.",Energy,S&P 600 (SmallCap),1490036480.0,10.11,15885034.2,NYQ,EQUITY,market_cap=1490036480
HOPE,"Hope Bancorp, Inc.",Financials,S&P 600 (SmallCap),1826708352.0,14.3,15489903.0,NMS,EQUITY,market_cap=1826708352
HSTM,"HealthStream, Inc.",Health Care,S&P 600 (SmallCap),829245184.0,28.36,6205168.0,NMS,EQUITY,market_cap=829245184
HTLD,"Heartland Express, Inc.",Industrials,S&P 600 (SmallCap),950417728.0,12.29,9172272.799999999,NMS,EQUITY,market_cap=950417728
HZO,"MarineMax, Inc.",Consumer Discretionary,S&P 600 (SmallCap),1151381632.0,52.13,64672999.300000004,NYQ,EQUITY,market_cap=1151381632
IART,Integra Lifesciences Holdings,Health Care,S&P 600 (SmallCap),1351686016.0,17.38,14321467.6,NMS,EQUITY,market_cap=1351686016
IIPR,"Innovative Industrial Properties, Inc.",Real Estate,S&P 600 (SmallCap),1673612288.0,57.72,18466936.8,NYQ,EQUITY,market_cap=1673612288
INSP,"Inspire Medical Systems, Inc.",Health Care,S&P 600 (SmallCap),1684896640.0,58.28,51756136.800000004,NYQ,EQUITY,market_cap=1684896640
INVA,"Innoviva, Inc.",Health Care,S&P 600 (SmallCap),1503428608.0,20.81,15830166.999999998,NMS,EQUITY,market_cap=1503428608
JBGS,JBG Smith,Real Estate,S&P 600 (SmallCap),911318656.0,11.8,13806472.0,NYQ,EQUITY,market_cap=911318656
JBSS,"John B. Sanfilippo & Son, Inc.",Consumer Staples,S&P 600 (SmallCap),988938048.0,84.6,12235698.0,NMS,EQUITY,market_cap=988938048
JJSF,J&J Snack Foods Corp.,Consumer Staples,S&P 600 (SmallCap),1674058880.0,89.61,28674303.9,NMS,EQUITY,market_cap=1674058880
KMPR,Kemper Corporation,Financials,S&P 600 (SmallCap),1562052736.0,26.51,24023362.0,NYQ,EQUITY,market_cap=1562052736
KOP,"Koppers Holdings, Inc.",Materials,S&P 600 (SmallCap),857450496.0,45.34,10556058.8,NYQ,EQUITY,market_cap=857450496
LEG,Leggett & Platt,Consumer Discretionary,S&P 600 (SmallCap),1286668288.0,9.42,17211093.6,NYQ,EQUITY,market_cap=1286668288
LGIH,LGI Homes,Consumer Discretionary,S&P 600 (SmallCap),1321916800.0,56.9,23665279.0,NMS,EQUITY,market_cap=1321916800
LKFN,Lakeland Financial,Financials,S&P 600 (SmallCap),1547400576.0,62.25,8265555.0,NMS,EQUITY,market_cap=1547400576
LMAT,LeMaitre Vascular,Health Care,S&P 600 (SmallCap),1878251904.0,82.13,45362041.599999994,NGM,EQUITY,market_cap=1878251904
LNN,Lindsay Corporation,Materials,S&P 600 (SmallCap),1176641664.0,115.71,12987290.399999999,NYQ,EQUITY,market_cap=1176641664
LPG,Dorian LPG Ltd.,Energy,S&P 600 (SmallCap),1913669248.0,44.73,27335844.9,NYQ,EQUITY,market_cap=1913669248
LQDT,"Liquidity Services, Inc.",Industrials,S&P 600 (SmallCap),1350706048.0,43.11,11223257.4,NMS,EQUITY,market_cap=1350706048
LZ,"LegalZoom.com, Inc.",Industrials,S&P 600 (SmallCap),929967936.0,5.43,21977327.7,NMS,EQUITY,market_cap=929967936
LZB,"La-Z-Boy, Inc.",Consumer Discretionary,S&P 600 (SmallCap),1642860288.0,41.06,14470365.200000001,NYQ,EQUITY,market_cap=1642860288
MATW,Matthews International Corporation,Consumer Discretionary,S&P 600 (SmallCap),725456704.0,23.25,17467260.0,NMS,EQUITY,market_cap=725456704
MBC,"MasterBrand, Inc.",Industrials,S&P 600 (SmallCap),1874147456.0,9.21,19884021.6,NYQ,EQUITY,market_cap=1874147456
MFP,"Midera Food Processing, Inc.",Industrials,S&P 600 (SmallCap),1977686144.0,43.74,33062628.6,NMS,EQUITY,market_cap=1977686144
MLKN,"MillerKnoll, Inc.",Industrials,S&P 600 (SmallCap),1637001472.0,24.03,14396613.3,NMS,EQUITY,market_cap=1637001472
MMI,"Marcus & Millichap, Inc.",Real Estate,S&P 600 (SmallCap),1179303040.0,31.14,4265245.8,NYQ,EQUITY,market_cap=1179303040; dollar_volume=4265245.8
MPT,Medical Properties Trust,Real Estate,S&P 600 (SmallCap),2418660096.0,4.05,35420733.0,NYQ,EQUITY,price=4.05
MRTN,"Marten Transport, Ltd.",Industrials,S&P 600 (SmallCap),1220573440.0,14.96,11261588.8,NMS,EQUITY,market_cap=1220573440
MSEX,Middlesex Water Company,Utilities,S&P 600 (SmallCap),1098036736.0,58.27,8617550.3,NMS,EQUITY,market_cap=1098036736
MTUS,Metallus Inc,Materials,S&P 600 (SmallCap),904155968.0,21.72,9895197.6,NYQ,EQUITY,market_cap=904155968
NABL,"N-able, Inc.",Information Technology,S&P 600 (SmallCap),612053888.0,3.24,7833412.800000001,NYQ,EQUITY,market_cap=612053888; price=3.24
NAVI,Navient,Financials,S&P 600 (SmallCap),829049024.0,8.84,13253370.0,NMS,EQUITY,market_cap=829049024
NBHC,National Bank Holdings Corporation,Financials,S&P 600 (SmallCap),1918318336.0,43.07,16856305.9,NYQ,EQUITY,market_cap=1918318336
NPK,"National Presto Industries, Inc.",Industrials,S&P 600 (SmallCap),997943104.0,139.26,13466442.0,NYQ,EQUITY,market_cap=997943104
NSP,Insperity,Industrials,S&P 600 (SmallCap),1924659712.0,50.39,34625992.4,NYQ,EQUITY,market_cap=1924659712
NSSC,Napco Security Technologies,Information Technology,S&P 600 (SmallCap),1388721536.0,38.87,10035456.6,NMS,EQUITY,market_cap=1388721536
NX,Quanex Building Products Corporation,Industrials,S&P 600 (SmallCap),1003526016.0,21.85,7525795.500000001,NYQ,EQUITY,market_cap=1003526016
NXRT,"NexPoint Residential Trust, Inc.",Real Estate,S&P 600 (SmallCap),1275129856.0,24.71,8338636.600000001,NYQ,EQUITY,market_cap=1275129856
OI,"O-I Glass, Inc.",Materials,S&P 600 (SmallCap),1037203264.0,6.75,22011817.5,NYQ,EQUITY,market_cap=1037203264
OMCL,Omnicell,Health Care,S&P 600 (SmallCap),1693680640.0,37.13,34060091.6,NMS,EQUITY,market_cap=1693680640
PAHC,Phibro Animal Health,Health Care,S&P 600 (SmallCap),1371087360.0,33.8,6458841.999999999,NGM,EQUITY,market_cap=1371087360
PCRX,"Pacira BioSciences, Inc.",Health Care,S&P 600 (SmallCap),932545856.0,23.7,20870694.0,NMS,EQUITY,market_cap=932545856
PFBC,Preferred Bank,Financials,S&P 600 (SmallCap),1264134784.0,106.65,9099378.0,NMS,EQUITY,market_cap=1264134784
PGNY,"Progyny, Inc.",Health Care,S&P 600 (SmallCap),1950395264.0,25.42,33372647.000000004,NMS,EQUITY,market_cap=1950395264
PLAB,"Photronics, Inc.",Information Technology,S&P 600 (SmallCap),1974694272.0,33.49,27579684.8,NMS,EQUITY,market_cap=1974694272
PMT,PennyMac Mortgage Investment Trust,Real Estate,S&P 600 (SmallCap),826678336.0,9.48,13208484.0,NYQ,EQUITY,market_cap=826678336
PRDO,Perdoceo Education Corp.,Consumer Discretionary,S&P 600 (SmallCap),1961164928.0,31.34,25701307.2,NMS,EQUITY,market_cap=1961164928
PRG,"PROG Holdings, Inc.",Financials,S&P 600 (SmallCap),1642258176.0,41.23,25621971.2,NYQ,EQUITY,market_cap=1642258176
PRGO,Perrigo,Health Care,S&P 600 (SmallCap),1760981760.0,12.69,41787027.9,NYQ,EQUITY,market_cap=1760981760
PRGS,Progress Software Corporation,Information Technology,S&P 600 (SmallCap),1787344128.0,43.58,18952506.2,NMS,EQUITY,market_cap=1787344128
PRSU,"Pursuit Attractions & Hospitality, Inc.",Consumer Discretionary,S&P 600 (SmallCap),1269964416.0,46.58,10984495.6,NYQ,EQUITY,market_cap=1269964416
PZZA,Papa John's Pizza,Consumer Discretionary,S&P 600 (SmallCap),793083456.0,24.09,59099756.1,NMS,EQUITY,market_cap=793083456
QDEL,QuidelOrtho,Health Care,S&P 600 (SmallCap),1016973504.0,14.83,29109362.1,NMS,EQUITY,market_cap=1016973504
QNST,"QuinStreet, Inc.",Communication Services,S&P 600 (SmallCap),1194289280.0,20.79,27532404.9,NMS,EQUITY,market_cap=1194289280
RES,"RPC, Inc.",Energy,S&P 600 (SmallCap),1396439168.0,6.3,8977752.0,NYQ,EQUITY,market_cap=1396439168
REX,REX American Resources Corporation,Energy,S&P 600 (SmallCap),1439707648.0,43.71,7776009.0,NYQ,EQUITY,market_cap=1439707648
ROCK,"Gibraltar Industries, Inc.",Industrials,S&P 600 (SmallCap),1457478912.0,49.1,21763084.0,NMS,EQUITY,market_cap=1457478912
SAFE,"Safehold, Inc.",Real Estate,S&P 600 (SmallCap),1086321792.0,15.34,4642651.0,NYQ,EQUITY,market_cap=1086321792; dollar_volume=4642651.0
SABR,Sabre,Consumer Discretionary,S&P 600 (SmallCap),831381376.0,2.06,10439626.8,NMS,EQUITY,market_cap=831381376; price=2.06
SAFT,"Safety Insurance Group, Inc.",Financials,S&P 600 (SmallCap),1519723392.0,103.52,23549764.8,NMS,EQUITY,market_cap=1519723392
SBH,"Sally Beauty Holdings, Inc.",Consumer Discretionary,S&P 600 (SmallCap),1551321344.0,16.57,28797500.1,NYQ,EQUITY,market_cap=1551321344
SBSI,"Southside Bancshares, Inc.",Financials,S&P 600 (SmallCap),977046208.0,32.84,3885628.8000000003,NYQ,EQUITY,market_cap=977046208; dollar_volume=3885628.8000000003
SCHL,Scholastic Corporation,Consumer Discretionary,S&P 600 (SmallCap),792228224.0,42.0,15569820.0,NMS,EQUITY,market_cap=792228224
SCL,Stepan Company,Materials,S&P 600 (SmallCap),1476251264.0,64.94,10524825.799999999,NYQ,EQUITY,market_cap=1476251264
SCSC,"ScanSource, Inc.",Information Technology,S&P 600 (SmallCap),1056468928.0,51.98,13439948.799999999,NMS,EQUITY,market_cap=1056468928
SDGR,"Schrödinger, Inc.",Health Care,S&P 600 (SmallCap),1393628800.0,18.63,26066164.5,NMS,EQUITY,market_cap=1393628800
SEDG,SolarEdge,Information Technology,S&P 600 (SmallCap),1970054528.0,32.02,160060295.20000002,NMS,EQUITY,market_cap=1970054528
SHEN,Shenandoah Telecommunications Co,Communication Services,S&P 600 (SmallCap),721401792.0,13.03,6876061.3,NMS,EQUITY,market_cap=721401792
SLVM,Sylvamo Corp.,Materials,S&P 600 (SmallCap),1527986176.0,38.43,11264217.3,NYQ,EQUITY,market_cap=1527986176
SMP,"Standard Motor Products, Inc.",Consumer Discretionary,S&P 600 (SmallCap),874279040.0,39.27,6166568.100000001,NYQ,EQUITY,market_cap=874279040
SMPL,Simply Good Foods Company,Consumer Staples,S&P 600 (SmallCap),967546752.0,10.94,23219821.8,NCM,EQUITY,market_cap=967546752
SONO,"Sonos, Inc.",Consumer Discretionary,S&P 600 (SmallCap),1863130112.0,15.75,31325332.5,NMS,EQUITY,market_cap=1863130112
SRPT,Sarepta Therapeutics,Health Care,S&P 600 (SmallCap),1941424640.0,18.38,60262322.199999996,NMS,EQUITY,market_cap=1941424640
STAA,STAAR Surgical Company,Health Care,S&P 600 (SmallCap),1265125632.0,25.41,26786205.6,NGM,EQUITY,market_cap=1265125632
STBA,"S&T Bancorp, Inc.",Financials,S&P 600 (SmallCap),1815114880.0,51.47,11856629.2,NMS,EQUITY,market_cap=1815114880
STC,Stewart Information Services Corporation,Financials,S&P 600 (SmallCap),1997520000.0,65.6,13740575.999999998,NYQ,EQUITY,market_cap=1997520000
STRA,"Strategic Education, Inc.",Consumer Discretionary,S&P 600 (SmallCap),1818885888.0,80.02,26179343.2,NMS,EQUITY,market_cap=1818885888
TFIN,"Triumph Bancorp, Inc.",Financials,S&P 600 (SmallCap),1830321408.0,76.6,14396969.999999998,NYQ,EQUITY,market_cap=1830321408
THRM,Gentherm Incorporated,Consumer Discretionary,S&P 600 (SmallCap),1271502720.0,41.41,18101553.299999997,NMS,EQUITY,market_cap=1271502720
TMP,Tompkins Financial Corporation,Financials,S&P 600 (SmallCap),1442893056.0,100.32,8849227.2,ASE,EQUITY,market_cap=1442893056
TNC,Tennant Company,Industrials,S&P 600 (SmallCap),1180664320.0,69.25,18914945.0,NYQ,EQUITY,market_cap=1180664320
TNDM,Tandem Diabetes Care,Health Care,S&P 600 (SmallCap),1630924800.0,23.44,66809156.800000004,NGM,EQUITY,market_cap=1630924800
TRIP,TripAdvisor,Communication Services,S&P 600 (SmallCap),1255204992.0,10.71,49662912.6,NMS,EQUITY,market_cap=1255204992
TRST,TrustCo Bank Corp NY,Financials,S&P 600 (SmallCap),962918656.0,56.55,6443307.0,NMS,EQUITY,market_cap=962918656
TRUP,Trupanion,Financials,S&P 600 (SmallCap),1330217600.0,30.32,23588960.0,NGM,EQUITY,market_cap=1330217600
UFCS,"United Fire Group, Inc.",Financials,S&P 600 (SmallCap),1364908032.0,53.2,7725704.0,NMS,EQUITY,market_cap=1364908032
UPBD,"Upbound Group, Inc.",Consumer Discretionary,S&P 600 (SmallCap),1110020736.0,19.04,26198659.2,NMS,EQUITY,market_cap=1110020736
UPWK,"Upwork, Inc.",Industrials,S&P 600 (SmallCap),1049188224.0,8.4,43615656.0,NMS,EQUITY,market_cap=1049188224
USPH,"U.S. Physical Therapy, Inc.",Health Care,S&P 600 (SmallCap),1222915072.0,81.95,22637048.5,NYQ,EQUITY,market_cap=1222915072
UTI,Universal Technical Institute,Consumer Discretionary,S&P 600 (SmallCap),1412641664.0,25.64,51815876.0,NYQ,EQUITY,market_cap=1412641664
UTL,Unitil Corporation,Utilities,S&P 600 (SmallCap),984233344.0,53.97,5772091.5,NYQ,EQUITY,market_cap=984233344
UVV,Universal Corporation,Consumer Staples,S&P 600 (SmallCap),1125695360.0,45.21,17408562.6,NYQ,EQUITY,market_cap=1125695360
VIR,"Vir Biotechnology, Inc.",Health Care,S&P 600 (SmallCap),1516174976.0,8.96,13141632.000000002,NMS,EQUITY,market_cap=1516174976
VRRM,Verra Mobility Corporation,Industrials,S&P 600 (SmallCap),713961280.0,4.7,27119047.0,NCM,EQUITY,market_cap=713961280; price=4.7
VRTS,"Virtus Investment Partners, Inc.",Financials,S&P 600 (SmallCap),1119589504.0,167.55,29401674.000000004,NYQ,EQUITY,market_cap=1119589504
VSTS,Vestis,Industrials,S&P 600 (SmallCap),1871387008.0,14.16,23703981.6,NYQ,EQUITY,market_cap=1871387008
VTOL,Bristow Group Inc.,Energy,S&P 600 (SmallCap),1361457024.0,45.93,11143077.3,NYQ,EQUITY,market_cap=1361457024
VYX,NCR Voyix,Information Technology,S&P 600 (SmallCap),1123889024.0,8.14,19081788.0,NYQ,EQUITY,market_cap=1123889024
WABC,Westamerica Bank,Financials,S&P 600 (SmallCap),1376269056.0,59.55,7555704.0,NMS,EQUITY,market_cap=1376269056
WD,"Walker & Dunlop, Inc.",Financials,S&P 600 (SmallCap),1452322304.0,42.31,21988507.0,NYQ,EQUITY,market_cap=1452322304
WEN,The Wendy's Company,Consumer Discretionary,S&P 600 (SmallCap),1650933760.0,8.66,106707394.2,NMS,EQUITY,market_cap=1650933760
WGO,"Winnebago Industries, Inc.",Consumer Discretionary,S&P 600 (SmallCap),915346752.0,32.38,15183305.8,NYQ,EQUITY,market_cap=915346752
WINA,Winmark,Consumer Discretionary,S&P 600 (SmallCap),1241417728.0,345.59,18782816.5,NGM,EQUITY,market_cap=1241417728
WKC,World Kinect Corporation,Energy,S&P 600 (SmallCap),1889540736.0,36.94,42792034.8,NYQ,EQUITY,market_cap=1889540736
WRLD,World Acceptance Corporation,Financials,S&P 600 (SmallCap),884372032.0,189.65,20379789.0,NMS,EQUITY,market_cap=884372032
WS,Worthington Steel,Materials,S&P 600 (SmallCap),1938067456.0,38.04,7903951.2,NYQ,EQUITY,market_cap=1938067456
WWW,"Wolverine World Wide, Inc.",Consumer Discretionary,S&P 600 (SmallCap),1480731136.0,18.06,15253114.799999999,NYQ,EQUITY,market_cap=1480731136
XHR,"Xenia Hotels & Resorts, Inc.",Real Estate,S&P 600 (SmallCap),1859851648.0,18.8,15792564.0,NYQ,EQUITY,market_cap=1859851648
XNCR,Xencor Inc,Health Care,S&P 600 (SmallCap),1723511808.0,23.18,27115964.0,NGM,EQUITY,market_cap=1723511808
XPEL,"XPEL, Inc.",Consumer Discretionary,S&P 600 (SmallCap),1352069504.0,49.04,14433452.799999999,NCM,EQUITY,market_cap=1352069504
YELP,"Yelp, Inc.",Communication Services,S&P 600 (SmallCap),1282791936.0,23.64,29496573.6,NYQ,EQUITY,market_cap=1282791936
ZD,Ziff Davis,Communication Services,S&P 600 (SmallCap),1883739136.0,54.94,42427415.0,NMS,EQUITY,market_cap=1883739136
