ticker,marketCap,price,avgVol10d,avgVol,exchange,quoteType,sector,industry,profitMargins,returnOnEquity,revenueGrowth,currentRatio,freeCashflow,longName,Symbol,Security,GICS Sub-Industry,Index,avgDollarVol
AVTR,9015863296,13.33,7105540,10310917,NYQ,EQUITY,Healthcare,Medical Instruments & Supplies,-0.08809,-0.09701,0.005,1.782,450337504,"Avantor, Inc.",AVTR,Avantor,Life Sciences Tools & Services,S&P 400 (MidCap),94716848.2
BIO,9430287360,352.69,267000,338930,NYQ,EQUITY,Healthcare,Medical Devices,0.085889995,0.0311,-0.001,3.142,283187488,"Bio-Rad Laboratories, Inc.",BIO,Bio-Rad Laboratories,Life Sciences Tools & Services,S&P 400 (MidCap),94168230.0
BRKR,8663150592,56.86,2906070,2493253,NMS,EQUITY,Healthcare,Medical Devices,-0.020350002,-0.029979998,0.052,1.847,179937504,Bruker Corporation,BRKR,Bruker,Health Care Equipment,S&P 400 (MidCap),165239140.2
DOCS,4445454848,24.94,12821320,4934461,NYQ,EQUITY,Healthcare,Health Information Services,0.25481,0.17206,0.073,6.078,239703872,"Doximity, Inc.",DOCS,Doximity,Health Care Technology,S&P 400 (MidCap),319763720.8
HAE,4761266688,104.65,829780,854916,NYQ,EQUITY,Healthcare,Medical Devices,0.07122,0.111999996,0.056,3.08,312840000,Haemonetics Corporation,HAE,Haemonetics,Health Care Supplies,S&P 400 (MidCap),86836477.0
HQY,8593466368,102.79,636530,904995,NMS,EQUITY,Healthcare,Health Information Services,0.17252001,0.11062,0.072,3.437,370328512,"HealthEquity, Inc.",HQY,HealthEquity,Managed Health Care,S&P 400 (MidCap),65428918.7
KRYS,9851084800,332.82,224580,410675,NMS,EQUITY,Healthcare,Biotechnology,0.54818,0.20124,0.241,8.318,151739744,"Krystal Biotech, Inc.",KRYS,Krystal Biotech,Biotechnology,S&P 400 (MidCap),74744715.6
LIVN,4386992128,79.86,863260,721561,NMS,EQUITY,Healthcare,Medical Devices,0.12813,0.15404001,0.108,1.45,64685124,LivaNova PLC,LIVN,LivaNova,Health Care Equipment,S&P 400 (MidCap),68939943.6
LNTH,6544207872,100.26,2136710,1301990,NGM,EQUITY,Healthcare,Drug Manufacturers - Specialty & Generic,0.1769,0.22215,0.027,3.06,451656000,"Lantheus Holdings, Inc.",LNTH,Lantheus Holdings,Health Care Supplies,S&P 400 (MidCap),214226544.60000002
NVST,4468384768,27.82,3652670,3020729,NYQ,EQUITY,Healthcare,Medical Instruments & Supplies,0.03326,0.030569999,0.071,2.425,275762496,Envista Holdings Corporation,NVST,Envista Holdings,Health Care Supplies,S&P 400 (MidCap),101617279.4
OPCH,3506472704,23.41,2312960,2727706,NMS,EQUITY,Healthcare,Medical Care Facilities,0.03681,0.15999,0.019,1.465,256067872,"Option Care Health, Inc.",OPCH,Option Care Health,Health Care Facilities,S&P 400 (MidCap),54146393.6
RGEN,9376778240,166.15,926950,1122306,NMS,EQUITY,Healthcare,Medical Instruments & Supplies,0.05291,0.0199,0.119,9.05,113421752,Repligen Corporation,RGEN,Repligen,Biotechnology,S&P 400 (MidCap),154012742.5
SHC,5282287104,18.51,3521660,2883598,NMS,EQUITY,Healthcare,Diagnostics & Research,0.13442001,0.27781,0.092,2.796,153967120,Sotera Health Company,SHC,Sotera Health,Health Care Services,S&P 400 (MidCap),65185926.60000001
XRAY,2214821376,11.11,4921410,5673950,NMS,EQUITY,Healthcare,Medical Instruments & Supplies,-0.14987999,-0.33031,-0.041,1.627,141624992,DENTSPLY SIRONA Inc.,XRAY,Dentsply Sirona,Health Care Supplies,S&P 400 (MidCap),54676865.099999994
ACAD,5200180736,30.18,2099680,1618116,NMS,EQUITY,Healthcare,Biotechnology,0.33416,0.35743,0.164,3.388,68647000,ACADIA Pharmaceuticals Inc.,ACAD,Acadia Pharmaceuticals,Pharmaceuticals,S&P 600 (SmallCap),63368342.4
ACHC,2556533504,27.46,1506610,2882443,NMS,EQUITY,Healthcare,Medical Care Facilities,-0.33443,-0.41445,-0.004,1.572,-104957000,"Acadia Healthcare Company, Inc.",ACHC,Acadia Healthcare,Health Care Facilities,S&P 600 (SmallCap),41371510.6
ADMA,2136813824,9.54,2781070,3102909,NGM,EQUITY,Healthcare,Biotechnology,0.32981998,0.41897,0.159,6.972,54755376,"ADMA Biologics, Inc.",ADMA,"ADMA Biologics, Inc.",Biotechnology,S&P 600 (SmallCap),26531407.799999997
ADUS,2205995008,118.13,214900,234970,NMS,EQUITY,Healthcare,Medical Care Facilities,0.071329996,0.09706,0.08,1.69,119751504,Addus HomeCare Corporation,ADUS,Addus HomeCare Corp.,Health Care Services,S&P 600 (SmallCap),25386137.0
AHCO,776441344,5.82,6984470,2225067,NCM,EQUITY,Healthcare,Medical Devices,-0.06786,-0.15224,0.127,1.124,-80691504,AdaptHealth Corp.,AHCO,AdaptHealth Corp.,Health Care Equipment,S&P 600 (SmallCap),40649615.4
ALHC,2744366848,13.23,5942310,5718253,NMS,EQUITY,Healthcare,Healthcare Plans,0.00889,0.20044,0.316,1.698,188581872,"Alignment Healthcare, Inc.",ALHC,"Alignment Healthcare, Inc.",Health Care Services,S&P 600 (SmallCap),78616761.3
ALKS,8300926464,49.48,1359640,2094824,NMS,EQUITY,Healthcare,Drug Manufacturers - Specialty & Generic,0.03965,0.03852,0.27,2.3,153381376,Alkermes plc,ALKS,Alkermes plc,Pharmaceuticals,S&P 600 (SmallCap),67274987.2
AMN,1337734016,34.54,916820,939980,NYQ,EQUITY,Healthcare,Medical Care Facilities,0.030550001,0.15556,0.023,1.128,445770624,"AMN Healthcare Services, Inc.",AMN,"Amn Healthcare Services, Inc.",Health Care Services,S&P 600 (SmallCap),31666962.8
AMPH,907759744,21.34,558680,557262,NMS,EQUITY,Healthcare,Drug Manufacturers - Specialty & Generic,0.1076,0.10297,0.054,2.397,230095872,"Amphastar Pharmaceuticals, Inc.",AMPH,"Amphstar Pharmaceuticals, Inc.",Pharmaceuticals,S&P 600 (SmallCap),11922231.2
AMRX,6335504896,18.19,1889650,2024391,NMS,EQUITY,Healthcare,Drug Manufacturers - Specialty & Generic,0.050479997,6.1301703,0.099,2.205,-115327128,"Amneal Pharmaceuticals, Inc.",AMRX,Amneal Pharmaceuticals,Pharmaceuticals,S&P 600 (SmallCap),34372733.5
ANIP,1765731072,76.87,456730,338843,NGM,EQUITY,Healthcare,Drug Manufacturers - Specialty & Generic,0.1107,0.20459,0.259,2.91,132205752,"ANI Pharmaceuticals, Inc.",ANIP,"ANI Pharmaceuticals, Inc.",Pharmaceuticals,S&P 600 (SmallCap),35108835.1
AORT,1409054720,28.9,823830,744222,NYQ,EQUITY,Healthcare,Medical Devices,-0.00671,-0.0073100002,0.113,3.473,13096750,"Artivion, Inc.",AORT,Artivion,Health Care Equipment,S&P 600 (SmallCap),23808687.0
ASTH,1942507008,39.16,572410,610491,NCM,EQUITY,Healthcare,Medical Care Facilities,0.01055,0.06902,0.485,1.229,231191248,"Astrana Health, Inc.",ASTH,"Astrana Health, Inc.",Health Care Facilities,S&P 600 (SmallCap),22415575.599999998
AZTA,1444800768,32.98,697270,819035,NMS,EQUITY,Healthcare,Medical Instruments & Supplies,-0.20021999,-0.07041,0.12,2.5,63366000,"Azenta, Inc.",AZTA,"Azenta, Inc.",Life Sciences Tools & Services,S&P 600 (SmallCap),22995964.599999998
BLFS,1708800128,34.94,498970,1123041,NCM,EQUITY,Healthcare,Medical Instruments & Supplies,0.54346,0.12829,0.215,9.694,4664875,"BioLife Solutions, Inc.",BLFS,"BioLife Solutions, Inc.",Health Care Supplies,S&P 600 (SmallCap),17434011.799999997
CERT,1221835648,8.01,4248030,4290491,NMS,EQUITY,Healthcare,Health Information Services,-0.16219,-0.022090001,0.01,2.551,62582376,"Certara, Inc.",CERT,"Certara, Inc.",Health Care Technology,S&P 600 (SmallCap),34026720.3
CNMD,1475398400,49.26,388710,628159,NYQ,EQUITY,Healthcare,Medical Devices,0.04119,0.05527,0.003,1.484,131359624,CONMED Corporation,CNMD,CONMED Corporation,Health Care Equipment,S&P 600 (SmallCap),19147854.599999998
COLL,924362752,28.5,1042310,502614,NMS,EQUITY,Healthcare,Drug Manufacturers - Specialty & Generic,0.05929,0.17612,0.063,1.031,324038496,"Collegium Pharmaceutical, Inc.",COLL,"Collegium Pharmaceutical, Inc.",Pharmaceuticals,S&P 600 (SmallCap),29705835.0
CON,4469496320,35.05,1197460,966572,NYQ,EQUITY,Healthcare,Medical Care Facilities,0.08688,0.4706,0.1,1.377,204793632,"Concentra Group Holdings Parent, Inc.",CON,"Concentra Group Holdings Parent, Inc.",Health Care Services,S&P 600 (SmallCap),41970973.0
CRVL,3401785856,67.34,192960,214348,NMS,EQUITY,Financial Services,Insurance Brokers,0.11724,0.30697,0.107,1.941,91710128,CorVel Corporation,CRVL,CorVel Corporation,Health Care Services,S&P 600 (SmallCap),12993926.4
ENOV,1478645888,25.64,1481840,1191570,NYQ,EQUITY,Healthcare,Medical Devices,-0.4797,-0.54142,0.032,1.985,185567744,Enovis Corporation,ENOV,Enovis,Health Care Equipment,S&P 600 (SmallCap),37994377.6
HRMY,2261319168,38.83,863210,834520,NGM,EQUITY,Healthcare,Biotechnology,0.18884,0.20456,0.303,3.479,182835504,"Harmony Biosciences Holdings, Inc.",HRMY,"Harmony Biosciences Holdings, Inc.",Biotechnology,S&P 600 (SmallCap),33518444.299999997
HSTM,833631168,28.51,224240,210924,NMS,EQUITY,Healthcare,Health Information Services,0.066020004,0.059959996,0.125,1.062,50334876,"HealthStream, Inc.",HSTM,"HealthStream, Inc.",Health Care Technology,S&P 600 (SmallCap),6393082.4
IART,1364907392,17.55,610840,941469,NMS,EQUITY,Healthcare,Medical Devices,-0.0044,-0.00696,0.008,3.601,94402000,Integra LifeSciences Holdings Corporation,IART,Integra Lifesciences Holdings,Health Care Equipment,S&P 600 (SmallCap),10720242.0
ICUI,4595293184,183.76,364850,318448,NMS,EQUITY,Healthcare,Medical Instruments & Supplies,0.01393,0.014099999,0.005,2.43,175372128,"ICU Medical, Inc.",ICUI,ICU Medical,Health Care Supplies,S&P 600 (SmallCap),67044836.0
INSP,1658877440,57.38,794240,978333,NYQ,EQUITY,Healthcare,Medical Devices,0.15026,0.17965001,-0.076,8.551,94637248,"Inspire Medical Systems, Inc.",INSP,"Inspire Medical Systems, Inc.",Health Care Equipment,S&P 600 (SmallCap),45573491.2
INVA,1535216640,21.25,738530,841724,NMS,EQUITY,Healthcare,Biotechnology,0.8119,0.36676,0.193,16.007,110332496,"Innoviva, Inc.",INVA,"Innoviva, Inc.",Pharmaceuticals,S&P 600 (SmallCap),15693762.5
ITGR,4252065280,125.09,1417090,856256,NYQ,EQUITY,Healthcare,Medical Devices,0.06965,0.075040005,-0.026,3.733,107673376,Integer Holdings Corporation,ITGR,Integer Holdings Corporation,Health Care Equipment,S&P 600 (SmallCap),177263788.1
LFST,4722207232,12.36,5786460,3708654,NMS,EQUITY,Healthcare,Medical Care Facilities,0.03193,0.03429,0.261,1.376,172356128,"LifeStance Health Group, Inc.",LFST,Lifestance Health,Health Care Services,S&P 600 (SmallCap),71520645.6
LGND,5733281280,287.59,277260,363756,NGM,EQUITY,Healthcare,Biotechnology,0.6788,0.21962,0.337,31.178,139748880,Ligand Pharmaceuticals Incorporated,LGND,"Ligand Pharmaceuticals, Inc.",Biotechnology,S&P 600 (SmallCap),79737203.39999999
LMAT,1864301696,81.52,591970,362638,NGM,EQUITY,Healthcare,Medical Instruments & Supplies,0.25024998,0.16774,0.096,16.312,49263624,"LeMaitre Vascular, Inc.",LMAT,LeMaitre Vascular,Health Care Equipment,S&P 600 (SmallCap),48257394.4
LQDA,6653195776,74.33,1916710,1934033,NCM,EQUITY,Healthcare,Drug Manufacturers - Specialty & Generic,0.30739,1.3181599,18.427,2.312,74296128,Liquidia Corporation,LQDA,Liquidia Corporation,Pharmaceuticals,S&P 600 (SmallCap),142469054.29999998
MD,2158086912,26.56,911640,795033,NYQ,EQUITY,Healthcare,Medical Care Facilities,0.08962,0.20389,0.04,1.316,160776992,"Pediatrix Medical Group, Inc.",MD,Pediatrix Medical Group,Health Care Services,S&P 600 (SmallCap),24213158.4
MMSI,5329752064,89.26,1180080,898508,NMS,EQUITY,Healthcare,Medical Instruments & Supplies,0.0922,0.0919,0.095,4.198,173902128,"Merit Medical Systems, Inc.",MMSI,"Merit Medical Systems, Inc.",Health Care Supplies,S&P 600 (SmallCap),105333940.80000001
NEO,2042759424,15.9,1750070,2771864,NCM,EQUITY,Healthcare,Diagnostics & Research,-0.0677,-0.06327,0.112,3.603,43904752,"NeoGenomics, Inc.",NEO,"NeoGenomics Laboratories, Inc.",Health Care Services,S&P 600 (SmallCap),27826113.0
NEOG,2522908160,11.57,2027230,2304382,NMS,EQUITY,Healthcare,Medical Devices,-0.00908,-0.00379,-0.001,3.822,69500000,Neogen Corporation,NEOG,Neogen,Health Care Supplies,S&P 600 (SmallCap),23455051.1
NHC,3667428864,234.17,127980,132800,ASE,EQUITY,Healthcare,Medical Care Facilities,0.08997,0.13267,0.088,1.862,63169624,National HealthCare Corporation,NHC,"National Healthcare, Corp.",Health Care Facilities,S&P 600 (SmallCap),29969076.599999998
OGN,3592497152,13.68,2524280,2610424,NYQ,EQUITY,Healthcare,Drug Manufacturers - General,0.03411,0.24037,-0.023,1.954,490750016,Organon & Co.,OGN,Organon & Co.,Pharmaceuticals,S&P 600 (SmallCap),34532150.4
OMCL,1635876352,35.97,683560,726750,NMS,EQUITY,Healthcare,Health Information Services,0.03135,0.03059,0.075,1.644,142931872,"Omnicell, Inc.",OMCL,Omnicell,Health Care Technology,S&P 600 (SmallCap),24587653.2
PAHC,1405567488,34.65,157010,280506,NGM,EQUITY,Healthcare,Drug Manufacturers - Specialty & Generic,0.06349,0.30337998,0.103,3.172,-17678250,Phibro Animal Health Corporation,PAHC,Phibro Animal Health,Pharmaceuticals,S&P 600 (SmallCap),5440396.5
PBH,2395729408,50.57,661310,639379,NYQ,EQUITY,Healthcare,Drug Manufacturers - Specialty & Generic,0.15568,0.0912,0.065,3.23,147887504,Prestige Consumer Healthcare Inc.,PBH,Prestige Consumer Healthcare,Pharmaceuticals,S&P 600 (SmallCap),33442446.7
PCRX,956685312,24.0,865130,561345,NMS,EQUITY,Healthcare,Drug Manufacturers - Specialty & Generic,0.01962,0.020480001,0.062,5.042,92841248,"Pacira BioSciences, Inc.",PCRX,"Pacira BioSciences, Inc.",Pharmaceuticals,S&P 600 (SmallCap),20763120.0
PGNY,1972646016,25.71,1328090,1333088,NMS,EQUITY,Healthcare,Healthcare Plans,0.05999,0.16242,0.053,2.137,200944368,"Progyny, Inc.",PGNY,"Progyny, Inc.",Health Care Services,S&P 600 (SmallCap),34145193.9
PRGO,1794630144,12.97,3079180,3428098,NYQ,EQUITY,Healthcare,Drug Manufacturers - Specialty & Generic,-0.41851002,-0.48746,-0.032,2.324,437212512,Perrigo Company plc,PRGO,Perrigo,Pharmaceuticals,S&P 600 (SmallCap),39936964.6
PRVA,2748840192,21.52,1605390,1181479,NMS,EQUITY,Healthcare,Health Information Services,0.01193,0.04306,0.214,1.616,95646496,"Privia Health Group, Inc.",PRVA,"Privia Health Group, Inc.",Health Care Services,S&P 600 (SmallCap),34547992.8
PTCT,6061757440,72.63,922870,1710154,NMS,EQUITY,Healthcare,Biotechnology,-0.03805,,1.015,3.394,-286804256,"PTC Therapeutics, Inc.",PTCT,"PTC Therapeutics, Inc.",Pharmaceuticals,S&P 600 (SmallCap),67028048.099999994
QDEL,920967936,13.43,1989090,1628991,NMS,EQUITY,Healthcare,Medical Devices,-0.39203998,-0.45905998,0.028,1.386,146762496,QuidelOrtho Corporation,QDEL,QuidelOrtho,Health Care Supplies,S&P 600 (SmallCap),26713478.7
RCUS,3711566080,29.51,1258120,1271029,NYQ,EQUITY,Healthcare,Biotechnology,0.0,-0.90819,-0.744,3.818,-270624992,"Arcus Biosciences, Inc.",RCUS,"Arcus Biosciences, Inc.",Biotechnology,S&P 600 (SmallCap),37127121.2
RDNT,5810255872,73.83,936020,835224,NGM,EQUITY,Healthcare,Diagnostics & Research,-0.00931,0.01498,0.25,1.484,157737248,"RadNet, Inc.",RDNT,"RadNet, Inc.",Health Care Services,S&P 600 (SmallCap),69106356.6
SDGR,1321815552,17.67,1343140,1271796,NMS,EQUITY,Healthcare,Health Information Services,-0.20976,-0.16174999,0.075,2.706,-29163124,"Schrödinger, Inc.",SDGR,"Schrödinger, Inc.",Health Care Services,S&P 600 (SmallCap),23733283.8
SRPT,1903399040,18.02,2816970,3277862,NMS,EQUITY,Healthcare,Biotechnology,-0.06925,-0.09478,-0.343,4.422,22139876,"Sarepta Therapeutics, Inc.",SRPT,Sarepta Therapeutics,Biotechnology,S&P 600 (SmallCap),50761799.4
STAA,1226788480,24.64,1152170,879885,NGM,EQUITY,Healthcare,Medical Instruments & Supplies,0.0113,0.0109399995,1.11,4.665,15348500,STAAR Surgical Company,STAA,STAAR Surgical Company,Health Care Equipment,S&P 600 (SmallCap),28389468.8
SUPN,2851976960,49.03,1106010,855585,NGM,EQUITY,Healthcare,Drug Manufacturers - Specialty & Generic,-0.13232,-0.104899995,0.324,2.083,84611000,"Supernus Pharmaceuticals, Inc.",SUPN,"Supernus Pharmaceuticals, Inc.",Pharmaceuticals,S&P 600 (SmallCap),54227670.300000004
TFX,5589766656,131.92,728470,554751,NYQ,EQUITY,Healthcare,Medical Instruments & Supplies,-0.45761,-0.00701,0.289,2.604,179542000,Teleflex Incorporated,TFX,Teleflex,Health Care Equipment,S&P 600 (SmallCap),96099762.39999999
TGTX,7693980672,50.26,1921690,2370175,NCM,EQUITY,Healthcare,Biotechnology,0.55218,1.0028,0.703,4.267,59134500,"TG Therapeutics, Inc.",TGTX,"TG Therapeutics, Inc.",Biotechnology,S&P 600 (SmallCap),96584139.39999999
TMDX,3144688896,90.69,1104800,1070243,NGM,EQUITY,Healthcare,Medical Devices,0.22694,0.36285,0.207,6.625,44496752,"TransMedics Group, Inc.",TMDX,"TransMedics Group, Inc.",Health Care Equipment,S&P 600 (SmallCap),100194312.0
TNDM,1651102592,23.73,2582240,2244933,NGM,EQUITY,Healthcare,Medical Devices,-0.0608,-0.48026,0.058,3.18,-43949124,"Tandem Diabetes Care, Inc.",TNDM,Tandem Diabetes Care,Health Care Equipment,S&P 600 (SmallCap),61276555.2
UFPT,2432100608,313.99,216170,205514,NCM,EQUITY,Healthcare,Medical Devices,0.11446,0.17052001,0.151,3.0,34872376,"UFP Technologies, Inc.",UFPT,"UFP Technologies, Inc.",Health Care Equipment,S&P 600 (SmallCap),67875218.3
USPH,1167104256,78.21,248510,228317,NYQ,EQUITY,Healthcare,Medical Care Facilities,0.04007,0.0651,0.085,1.271,41290124,"U.S. Physical Therapy, Inc.",USPH,"U.S. Physical Therapy, Inc.",Health Care Facilities,S&P 600 (SmallCap),19435967.099999998
VCEL,2266404864,44.26,392100,579996,NGM,EQUITY,Healthcare,Biotechnology,0.07908,0.07157,0.225,5.039,55544876,Vericel Corporation,VCEL,Vericel,Biotechnology,S&P 600 (SmallCap),17354346.0
VCYT,3270294784,40.68,1186080,1331888,NGM,EQUITY,Healthcare,Diagnostics & Research,0.20374,0.087740004,0.155,9.162,106230872,"Veracyte, Inc.",VCYT,"Veracyte, Inc.",Health Care Services,S&P 600 (SmallCap),48249734.4
VIR,1605859328,9.49,1482480,1836570,NMS,EQUITY,Healthcare,Biotechnology,-0.83,-0.26081,195.825,6.042,-38885876,"Vir Biotechnology, Inc.",VIR,"Vir Biotechnology, Inc.",Biotechnology,S&P 600 (SmallCap),14068735.200000001
WAY,4663321600,24.32,2834780,2752719,NMS,EQUITY,Healthcare,Health Information Services,0.11179,0.03765,0.181,1.847,313745376,Waystar Holding Corp.,WAY,Waystar Holding Corp,Health Care Technology,S&P 600 (SmallCap),68941849.6
XNCR,1889319936,25.41,1042970,961859,NGM,EQUITY,Healthcare,Biotechnology,-1.55588,-0.29072002,0.175,6.391,-94537504,"Xencor, Inc.",XNCR,Xencor Inc,Biotechnology,S&P 600 (SmallCap),26501867.7
