ticker,name,sector,index,market_cap,price,avg_dollar_volume,exchange,quote_type,profit_margin,free_cash_flow,roe,revenue_growth,current_ratio
MMM,3M,Industrials,S&P 500,94779465728,183.78,475063948.8,NYQ,EQUITY,0.11902001,6350125056,0.81891996,0.025,1.24
ABT,Abbott Laboratories,Health Care,S&P 500,193184497664,110.91,865188946.1999999,NYQ,EQUITY,0.116450004,7209124864,0.10576,0.13,1.376
ACN,Accenture,Information Technology,S&P 500,110235246592,180.14,1049358733.6,NYQ,EQUITY,0.10656,12089380864,0.24406,0.056,1.339
AMD,Advanced Micro Devices,Information Technology,S&P 500,788371144704,482.93,14180838618.1,NMS,EQUITY,0.15577,8841499648,0.10196,0.501,2.609
A,Agilent Technologies,Health Care,S&P 500,41867710464,148.24,227785584.0,NYQ,EQUITY,0.19552,930625024,0.21330999,0.1,2.099
ABNB,Airbnb,Consumer Discretionary,S&P 500,107838308352,180.095,1129719726.45,NMS,EQUITY,0.2045,3206874880,0.34542,0.165,1.408
ALGN,Align Technology,Health Care,S&P 500,12362000384,174.015,168014962.79999998,NMS,EQUITY,0.09991,584361344,0.10155,0.043,1.395
ALLE,Allegion,Industrials,S&P 500,14125460480,166.11,174980274.0,NYQ,EQUITY,0.15357,484449984,0.3373,0.127,1.93
GOOGL,Alphabet Inc. (Class A),Communication Services,S&P 500,4201472065536,343.54,10859522701.0,NMS,EQUITY,0.54771,22665000960,0.48676,0.242,2.724
GOOG,Alphabet Inc. (Class C),Communication Services,S&P 500,4187162935296,342.37,6922122252.5,NMS,EQUITY,0.54771,22665000960,0.48676,0.242,2.724
AMZN,Amazon,Consumer Discretionary,S&P 500,2882965864448,267.28,16000372408.8,NMS,EQUITY,0.1744,3219124992,0.30558002,0.196,1.033
AMP,Ameriprise Financial,Financials,S&P 500,49952190464,565.07,243511265.8,NYQ,EQUITY,0.199,2903124992,0.63432,0.116,2.182
AME,Ametek,Industrials,S&P 500,59253559296,258.52,333919943.2,NYQ,EQUITY,0.20044,1492221312,0.14562,0.15,1.214
AMGN,Amgen,Health Care,S&P 500,224615792640,416.18,1176182945.2,NMS,EQUITY,0.22951001,8645624832,0.91473,0.095,1.371
APH,Amphenol,Information Technology,S&P 500,209557864448,169.96,1150722678.0,NYQ,EQUITY,0.17729001,3818374912,0.38115,0.55,1.888
AON,Aon plc,Financials,S&P 500,74744520704,352.36,470897427.6,NYQ,EQUITY,0.22268,3190874880,0.44699,0.022,1.033
AAPL,Apple Inc.,Information Technology,S&P 500,4411090796544,302.25,18233337037.5,NMS,EQUITY,0.27618998,107721875456,1.4875101,0.164,1.003
AMAT,Applied Materials,Information Technology,S&P 500,435208880128,548.15,3756159504.5,NMS,EQUITY,0.29314,3040375040,0.39692003,0.114,2.508
APP,AppLovin,Communication Services,S&P 500,101653446656,303.76,2797447344.0,NMS,EQUITY,0.64575994,3179956224,2.03686,0.528,4.3
ANET,Arista Networks,Information Technology,S&P 500,265487794176,210.5,2002196010.0,NYQ,EQUITY,0.38371,3891512576,0.31476,0.377,2.957
ADP,Automatic Data Processing,Industrials,S&P 500,106994769920,269.33,641511740.4,NMS,EQUITY,0.20109,5243049984,0.72239,0.068,1.051
AVY,Avery Dennison,Materials,S&P 500,13847054336,181.03,174158101.2,NYQ,EQUITY,0.076220006,1004600000,0.3116,0.109,1.132
BALL,Ball Corporation,Materials,S&P 500,16544558080,62.14,127509415.8,NYQ,EQUITY,0.0661,379875008,0.17151,0.197,1.069
BRK-B,Berkshire Hathaway,Financials,S&P 500,1091761995776,510.0,2252557800.0,NYQ,EQUITY,0.22296,71975247872,0.121199995,0.1,2.891
BBY,Best Buy,Consumer Discretionary,S&P 500,17493671936,83.0,284862640.0,NYQ,EQUITY,0.027309999,1143750016,0.39104,0.019,1.121
BLK,BlackRock,Financials,S&P 500,188620242944,1160.91,684727936.2,NYQ,EQUITY,0.24089001,7578124800,0.122779995,0.306,2.447
BA,Boeing,Industrials,S&P 500,182600024064,231.2,1376604104.0,NYQ,EQUITY,0.025910001,5625375232,1.73537,0.08,1.138
BSX,Boston Scientific,Health Care,S&P 500,74519379968,51.42,971837485.8,NYQ,EQUITY,0.17499,2451375104,0.15338999,0.075,1.24
BMY,Bristol Myers Squibb,Health Care,S&P 500,130120925184,63.7,932471176.0,NYQ,EQUITY,0.18871,8114375168,0.46598998,0.057,1.532
AVGO,Broadcom,Information Technology,S&P 500,1979391279104,416.05,7446109257.5,NMS,EQUITY,0.38848,27212249088,0.37280998,0.479,2.238
BR,Broadridge Financial Solutions,Industrials,S&P 500,19577481216,169.27,258742736.6,NYQ,EQUITY,0.15037,1194499968,0.40916002,0.075,1.236
BRO,Brown & Brown,Financials,S&P 500,23777411072,71.06,162758666.4,NYQ,EQUITY,0.18084998,1642749952,0.10023,0.324,1.127
BF-B,Brown–Forman,Consumer Staples,S&P 500,12811490304,27.92,53232830.400000006,NYQ,EQUITY,0.18202999,739625024,0.17846,0.02,3.239
CHRW,C.H. Robinson,Industrials,S&P 500,17142078464,146.7,377693820.0,NMS,EQUITY,0.03726,480618368,0.37123,0.193,1.582
CDNS,Cadence Design Systems,Information Technology,S&P 500,89124421632,323.13,638527499.1,NMS,EQUITY,0.23605,1609676544,0.23229,0.242,1.743
CVNA,Carvana,Consumer Discretionary,S&P 500,107855486976,72.48,823585891.2,NYQ,EQUITY,0.06257,424375008,0.58773,0.524,3.926
CASY,Casey's,Consumer Staples,S&P 500,31048232960,839.03,238544619.3,NMS,EQUITY,0.04068,550939648,0.19153,0.145,1.01
CAT,Caterpillar Inc.,Industrials,S&P 500,393297821696,855.6,2685497388.0,NYQ,EQUITY,0.14511,5048999936,0.56972003,0.24,1.368
CBRE,CBRE Group,Real Estate,S&P 500,42683396096,147.4,243286648.0,NYQ,EQUITY,0.029760001,1637624960,0.15798001,0.155,1.141
CDW,CDW Corporation,Information Technology,S&P 500,17086131200,136.67,306038297.5,NMS,EQUITY,0.04597,676787520,0.44009998,0.1,1.167
CF,CF Industries,Materials,S&P 500,18162089984,120.01,300268620.3,NYQ,EQUITY,0.27122,1276749952,0.29867,0.176,4.86
CVX,Chevron Corporation,Energy,S&P 500,385651212288,196.6,1645500714.0,NYQ,EQUITY,0.09834,21934000128,0.12231,0.535,1.252
CHD,Church & Dwight,Consumer Staples,S&P 500,24014522368,101.24,217691310.0,NYQ,EQUITY,0.119569995,939262528,0.17041,0.016,1.147
CIEN,Ciena,Information Technology,S&P 500,61157941248,432.05,876110990.0,NYQ,EQUITY,0.0787,700927872,0.15464,0.395,2.727
CINF,Cincinnati Financial,Financials,S&P 500,26470359040,172.47,109532247.6,NMS,EQUITY,0.23843001,2984875008,0.21484,0.316,1.151
CTAS,Cintas,Industrials,S&P 500,81438507008,203.51,424696878.6,NMS,EQUITY,0.17754,1464424832,0.40714002,0.089,1.434
CME,CME Group,Financials,S&P 500,94270898176,262.17,502157796.3,NMS,EQUITY,0.63443,2909012480,0.15802,0.008,1.018
KO,Coca-Cola Company (The),Consumer Staples,S&P 500,373074034688,86.71,1349726125.8,NYQ,EQUITY,0.28558,5218749952,0.42054,0.067,1.305
CTSH,Cognizant,Information Technology,S&P 500,27528599552,58.2,608427456.0,NMS,EQUITY,0.10258,2215500032,0.14924,0.045,2.182
CL,Colgate-Palmolive,Consumer Staples,S&P 500,73594994688,92.32,452724355.2,NYQ,EQUITY,0.096829996,3458374912,2.67367,0.049,1.026
FIX,Comfort Systems USA,Industrials,S&P 500,61196599296,1738.82,728252592.4,NYQ,EQUITY,0.12775,1841915392,0.55292,0.01,1.214
COP,ConocoPhillips,Energy,S&P 500,152930271232,127.3,885610824.0,NYQ,EQUITY,0.144,7691375104,0.1418,0.355,1.542
CPRT,Copart,Industrials,S&P 500,27926310912,28.99,258901282.9,NMS,EQUITY,0.33481997,999977152,0.17607,0.021,7.613
GLW,Corning Inc.,Information Technology,S&P 500,143937765376,167.44,2031425614.4,NYQ,EQUITY,0.111999996,734499968,0.16813,0.166,1.813
COST,Costco,Consumer Staples,S&P 500,421116411904,949.575,1753978974.0,NMS,EQUITY,0.0301,6954375168,0.29152,0.215,1.072
CRH,CRH plc,Materials,S&P 500,65191223296,97.99,511429408.0,NYQ,EQUITY,0.099350005,2019124992,0.15812,0.056,1.579
CMI,Cummins,Industrials,S&P 500,88016322560,637.85,702355770.5,NYQ,EQUITY,0.07822,2229374976,0.21114,0.094,1.727
DVA,DaVita,Health Care,S&P 500,11649577984,181.5,267828660.0,NYQ,EQUITY,0.060489997,1042460032,0.88475,0.052,1.467
DECK,Deckers Brands,Consumer Discretionary,S&P 500,12419784704,91.2,193567440.0,NYQ,EQUITY,0.18361,871420352,0.42558,0.057,2.747
DXCM,Dexcom,Health Care,S&P 500,34264358912,90.8,604259472.0,NMS,EQUITY,0.20118,1021162496,0.38491002,0.131,1.733
DG,Dollar General,Consumer Staples,S&P 500,26382161920,119.6,222868620.0,NYQ,EQUITY,0.03632,1882562304,0.1891,0.034,1.169
DLTR,Dollar Tree,Consumer Staples,S&P 500,24715575296,128.61,228834486.90000004,NMS,EQUITY,0.06514,1443624960,0.33976,0.072,1.161
DOV,Dover Corporation,Industrials,S&P 500,28022915072,208.07,218669085.8,NYQ,EQUITY,0.13475999,906472128,0.14914,0.069,1.979
DHI,D. R. Horton,Consumer Discretionary,S&P 500,40786042880,145.82,317883225.4,NYQ,EQUITY,0.09154,2413900032,0.12632,0.0,6.011
ETN,Eaton Corporation,Industrials,S&P 500,178602459136,459.96,1180243561.2,NYQ,EQUITY,0.12752,3106125056,0.19684,0.214,1.24
EBAY,eBay Inc.,Consumer Discretionary,S&P 500,45527949312,102.31,508912448.2,NMS,EQUITY,0.18571,1579624960,0.46611,0.148,1.019
ECL,Ecolab,Materials,S&P 500,78051893248,278.43,337142534.1,NYQ,EQUITY,0.12566,1474824960,0.21956,0.097,1.841
ELV,Elevance Health,Health Care,S&P 500,86561210368,399.14,395364135.6,NYQ,EQUITY,0.02468,4306375168,0.11133,0.014,1.518
EME,Emcor,Industrials,S&P 500,36761190400,833.4,378563616.0,NYQ,EQUITY,0.07738,978281600,0.40348998,0.198,1.277
EOG,EOG Resources,Energy,S&P 500,76240445440,143.14,460711835.4,NYQ,EQUITY,0.25733,4478750208,0.22507,0.587,1.851
EQIX,Equinix,Real Estate,S&P 500,105496813568,1069.17,731889631.8000001,NMS,EQUITY,0.15479,3776000000,0.10735,0.167,1.131
ERIE,Erie Indemnity,Financials,S&P 500,13499675648,258.17,77373549.0,NMS,EQUITY,0.14007,481207744,0.24808,0.028,1.246
EXPD,Expeditors International,Industrials,S&P 500,23979370496,184.47,252135440.7,NYQ,EQUITY,0.07634,797562240,0.4267,0.321,1.566
XOM,ExxonMobil,Energy,S&P 500,656877944832,159.75,2335811782.5,NYQ,EQUITY,0.09072,20671000576,0.12584,0.441,1.135
FFIV,"F5, Inc.",Information Technology,S&P 500,23950469120,422.95,308004878.5,NMS,EQUITY,0.21952999,717135488,0.1983,0.109,1.665
FAST,Fastenal,Industrials,S&P 500,59922325504,52.22,447084663.2,NMS,EQUITY,0.15454,916124992,0.34334,0.147,4.18
FDX,FedEx,Industrials,S&P 500,77307633664,326.77,481966143.8,NYQ,EQUITY,0.0468,5656625152,0.14846,0.125,1.475
FLEX,Flex Ltd.,Information Technology,S&P 500,46001754112,124.53,541162549.2,NMS,EQUITY,0.03325,625750016,0.18378,0.206,1.38
FTNT,Fortinet,Information Technology,S&P 500,118010503168,160.84,926327420.4,NMS,EQUITY,0.28173,2265587456,1.17442,0.256,1.282
FOXA,Fox Corporation (Class A),Communication Services,S&P 500,26458941440,63.05,330920447.0,NMS,EQUITY,0.09839,555374976,0.14291,0.281,3.169
FOX,Fox Corporation (Class B),Communication Services,S&P 500,23487819776,55.97,61553567.2,NMS,EQUITY,0.09839,555374976,0.14291,0.281,3.169
GRMN,Garmin,Consumer Discretionary,S&P 500,59781570560,309.98,283383716.0,NYQ,EQUITY,0.24471001,1043656256,0.21886998,0.114,3.028
GEHC,GE HealthCare,Health Care,S&P 500,32879577088,72.28,281796590.4,NMS,EQUITY,0.093339995,1573124992,0.19376,0.058,1.264
GD,General Dynamics,Industrials,S&P 500,106656342016,394.21,384303502.7,NYQ,EQUITY,0.08179,4400124928,0.17803,0.081,1.441
HAL,Halliburton,Energy,S&P 500,27810392064,33.29,335554211.7,NYQ,EQUITY,0.0716,2052249984,0.14917,0.037,2.018
HIG,Hartford (The),Financials,S&P 500,37676539904,137.44,205023371.2,NYQ,EQUITY,0.1489,5507500032,0.22061001,0.081,1.772
HAS,Hasbro,Consumer Discretionary,S&P 500,13383708672,94.89,173931472.2,NMS,EQUITY,0.15968001,688150016,1.5956,0.162,1.661
HSY,Hershey Company (The),Consumer Staples,S&P 500,37016535040,184.23,275888109.6,NYQ,EQUITY,0.12242,1743636352,0.32808998,0.066,1.18
HD,Home Depot (The),Consumer Discretionary,S&P 500,342439755776,343.43,1284383554.1,NYQ,EQUITY,0.08411,10128249856,1.2838,0.048,1.045
HON,Honeywell Technologies,Industrials,S&P 500,74588659712,235.34,812195994.4,NMS,EQUITY,0.21581,2610374912,0.46577,0.043,1.211
HST,Host Hotels & Resorts,Real Estate,S&P 500,15839762432,22.8,265737420.0,NMS,EQUITY,0.16474001,1692375040,0.15558,0.036,1.671
HWM,Howmet Aerospace,Industrials,S&P 500,112314441728,281.63,599615616.7,NYQ,EQUITY,0.20522,1189874944,0.34732,0.241,1.818
HUBB,Hubbell Incorporated,Industrials,S&P 500,27102547968,512.9,295528363.9,NYQ,EQUITY,0.14491999,495812512,0.24444,0.153,1.609
IEX,IDEX Corporation,Industrials,S&P 500,17731108864,240.52,167587120.4,NYQ,EQUITY,0.1449,555612480,0.12955,0.064,3.049
IDXX,Idexx Laboratories,Health Care,S&P 500,45009063936,570.58,434154322.00000006,NMS,EQUITY,0.25030002,909368384,0.74211,0.097,1.172
ITW,Illinois Tool Works,Industrials,S&P 500,83306848256,292.51,344606031.0,NYQ,EQUITY,0.19393998,2432999936,1.04618,0.061,1.109
INCY,Incyte,Health Care,S&P 500,24479805440,120.77,207345182.2,NMS,EQUITY,0.27706,1180664576,0.30667,0.377,4.593
PODD,Insulet Corporation,Health Care,S&P 500,10060520448,145.06,319567180.0,NMS,EQUITY,0.12291,236900000,0.26016,0.235,2.485
ICE,Intercontinental Exchange,Financials,S&P 500,84955832320,151.33,694627399.5,NYQ,EQUITY,0.38246,3633625088,0.14094,0.048,1.012
INTU,Intuit,Information Technology,S&P 500,91555561472,334.71,1106223244.2,NMS,EQUITY,0.21907,5232000000,0.22496,0.104,1.453
ISRG,Intuitive Surgical,Health Care,S&P 500,143766224896,401.27,1264377693.8,NMS,EQUITY,0.28445998,2615200000,0.17423001,0.185,4.963
JBHT,J.B. Hunt,Industrials,S&P 500,25912643584,275.96,222804584.8,NMS,EQUITY,0.05311,903028352,0.18448,0.194,1.255
JKHY,Jack Henry & Associates,Financials,S&P 500,10821744640,152.31,130400206.5,NMS,EQUITY,0.20637,373407744,0.24892001,0.087,1.744
JNJ,Johnson & Johnson,Health Care,S&P 500,628646084608,260.86,1823839210.4,NYQ,EQUITY,0.21482,16885125120,0.25742,0.066,1.089
JCI,Johnson Controls,Industrials,S&P 500,92551233536,152.79,561443661.9,NYQ,EQUITY,0.14319,2984124928,0.14332,0.093,1.0
KVUE,Kenvue,Consumer Staples,S&P 500,36456280064,18.98,416843884.6,NYQ,EQUITY,0.107609995,1907500032,0.15581,0.03,1.005
KEYS,Keysight Technologies,Information Technology,S&P 500,60582404096,354.5,355549320.0,NYQ,EQUITY,0.17312999,1085750016,0.18174,0.315,1.903
KLAC,KLA Corporation,Information Technology,S&P 500,272088367104,208.25,2438438817.5,NMS,EQUITY,0.35574,2624587520,0.87496,0.152,2.876
LH,Labcorp,Health Care,S&P 500,26234228736,323.48,218484861.6,NYQ,EQUITY,0.069860004,892049984,0.11728,0.058,1.796
LRCX,Lam Research,Information Technology,S&P 500,408068259840,326.11,3478103377.3,NMS,EQUITY,0.31272,3090484480,0.65066004,0.3,2.629
LDOS,Leidos,Industrials,S&P 500,17657763840,140.38,265705648.8,NYQ,EQUITY,0.07803,1146625024,0.27781,0.072,1.629
LII,Lennox International,Industrials,S&P 500,14546933760,420.91,274227074.1,NYQ,EQUITY,0.14871,277737504,0.71757007,0.03,1.569
LLY,Lilly (Eli),Health Care,S&P 500,1087705186304,1220.28,3999333469.2,NYQ,EQUITY,0.33528998,11065900032,1.02286,0.477,1.355
LMT,Lockheed Martin,Industrials,S&P 500,140025364480,606.72,664006502.4,NYQ,EQUITY,0.08163,5562625024,0.89165,0.105,1.193
LULU,Lululemon Athletica,Consumer Discretionary,S&P 500,13725262848,120.87,279990520.2,NMS,EQUITY,0.13029,1133960960,0.32027,0.043,2.226
MPC,Marathon Petroleum,Energy,S&P 500,101666938880,348.25,873870690.0,NYQ,EQUITY,0.05549,9249375232,0.42099,0.537,1.25
MRSH,Marsh McLennan,Financials,S&P 500,90126123008,188.86,390704125.0,NYQ,EQUITY,0.14241,4785249792,0.25902998,0.062,1.139
MRVL,Marvell Technology,Information Technology,S&P 500,194838953984,217.08,4885795681.2,NMS,EQUITY,0.28986,2269700096,0.16028,0.276,3.278
MA,Mastercard,Financials,S&P 500,490329014272,559.73,1862059388.3,NYQ,EQUITY,0.46339,16961250304,2.41202,0.141,1.061
META,Meta Platforms,Communication Services,S&P 500,1474623832064,578.85,11150532262.5,NMS,EQUITY,0.29834998,21553625088,0.29848,0.28,2.226
MGM,MGM Resorts,Consumer Discretionary,S&P 500,11065049088,43.98,127290434.4,NYQ,EQUITY,0.02398,878991104,0.18924999,0.01,1.335
MU,Micron Technology,Information Technology,S&P 500,1029204672512,911.29,36145005592.4,NMS,EQUITY,0.55906,7639499776,0.66638,3.457,3.425
MSFT,Microsoft,Information Technology,S&P 500,3656561459200,492.43,23130126502.0,NMS,EQUITY,0.40305,16545500160,0.34039003,0.177,1.23
MPWR,Monolithic Power Systems,Information Technology,S&P 500,70029262848,1425.01,1308059429.3,NMS,EQUITY,0.24500999,444316128,0.21979,0.476,4.975
MNST,Monster Beverage,Consumer Staples,S&P 500,90077200384,45.98,542679409.8,NMS,EQUITY,0.23079,1681231104,0.25704,0.202,3.729
MCO,Moody's Corporation,Financials,S&P 500,82752806912,477.84,361371278.4,NYQ,EQUITY,0.34252,2579124992,0.76932,0.151,1.19
MSI,Motorola Solutions,Information Technology,S&P 500,77739048960,469.74,460110330.0,NYQ,EQUITY,0.17438999,1979000064,0.91567004,0.133,1.099
NDAQ,"Nasdaq, Inc.",Financials,S&P 500,53471776768,95.66,297046301.8,NMS,EQUITY,0.35037,1691500032,0.16521999,0.149,1.006
NTAP,NetApp,Information Technology,S&P 500,39585619968,202.05,504900724.5,NMS,EQUITY,0.18426001,1295250048,1.06734,0.125,1.436
NFLX,Netflix,Communication Services,S&P 500,309005942784,74.21,2412270260.0,NMS,EQUITY,0.28219,25387552768,0.49541,0.134,1.142
NEM,Newmont,Materials,S&P 500,124167094272,117.84,905211528.0,NYQ,EQUITY,0.33363998,8815875072,0.25905,0.151,2.546
NDSN,Nordson Corporation,Industrials,S&P 500,17342769152,311.26,92164086.0,NMS,EQUITY,0.18188,574589504,0.1714,0.085,2.597
NOC,Northrop Grumman,Industrials,S&P 500,82015830016,577.32,371107069.2000001,NYQ,EQUITY,0.104820006,2478000128,0.26958,0.051,1.168
NUE,Nucor,Materials,S&P 500,61667078144,271.81,367443630.4,NYQ,EQUITY,0.07989,683374976,0.14548999,0.23,2.508
NVDA,Nvidia,Information Technology,S&P 500,5427683655680,224.09,27692168249.0,NMS,EQUITY,0.62966,46335873024,1.14288,0.852,3.441
NXPI,NXP Semiconductors,Information Technology,S&P 500,58857639936,233.41,1100537486.4,NMS,EQUITY,0.22564,3555000064,0.27921,0.195,2.04
OXY,Occidental Petroleum,Energy,S&P 500,58528768000,58.55,508961098.0,NYQ,EQUITY,0.30318,3788124928,0.10629,0.534,1.411
ODFL,Old Dominion,Industrials,S&P 500,44073652224,212.55,414330091.5,NMS,EQUITY,0.19443001,970776000,0.24818,0.104,1.889
PCAR,Paccar,Industrials,S&P 500,68985389056,131.06,493357021.6,NMS,EQUITY,0.09003,1943650048,0.12755999,0.005,5.519
PKG,Packaging Corporation of America,Materials,S&P 500,22836783104,256.31,131499845.5,NYQ,EQUITY,0.07256,432950016,0.14887,0.147,2.941
PLTR,Palantir Technologies,Information Technology,S&P 500,411019083776,171.04,10736514328.0,NMS,EQUITY,0.49005002,2159104512,0.38097,0.928,7.228
PH,Parker Hannifin,Industrials,S&P 500,134851919872,1069.52,806033052.8,NYQ,EQUITY,0.16968,2952624896,0.25076,0.098,1.262
PYPL,PayPal,Financials,S&P 500,51030401024,59.2,542103872.0,NMS,EQUITY,0.14364,4423124992,0.24497,0.048,1.288
PSX,Phillips 66,Energy,S&P 500,90011140096,225.58,637004083.0,NYQ,EQUITY,0.046609998,4545375232,0.23452999,0.531,1.32
PPG,PPG Industries,Materials,S&P 500,25475579904,114.6,203288940.0,NYQ,EQUITY,0.09573,1104625024,0.19297001,0.072,1.58
PFG,Principal Financial Group,Financials,S&P 500,24358684672,113.77,156170941.29999998,NMS,EQUITY,0.09932999,1056374976,0.12949,0.064,1.586
PWR,Quanta Services,Industrials,S&P 500,101935833088,678.02,848596271.6,NYQ,EQUITY,0.04032,1955491328,0.15337,0.411,1.098
DGX,Quest Diagnostics,Health Care,S&P 500,26243473408,237.77,186502032.6,NYQ,EQUITY,0.09187,909625024,0.14602,0.102,1.591
RL,Ralph Lauren Corporation,Consumer Discretionary,S&P 500,23615420416,396.35,286842458.5,NYQ,EQUITY,0.117639996,880087488,0.37537,0.14,2.045
RTX,RTX Corporation,Industrials,S&P 500,300226576384,222.76,985020216.4,NYQ,EQUITY,0.08276,9880000512,0.12274,0.145,1.011
REGN,Regeneron Pharmaceuticals,Health Care,S&P 500,82157051904,797.99,731014699.3,NMS,EQUITY,0.27865,3065299968,0.14043,0.167,3.335
RMD,ResMed|,Health Care,S&P 500,32782743552,226.0,386785440.0,NYQ,EQUITY,0.26945,939248256,0.24269,0.086,3.1
ROK,Rockwell Automation,Industrials,S&P 500,50126262272,451.39,512837720.7,NYQ,EQUITY,0.13385001,1303874944,0.30629,0.079,1.075
ROST,Ross Stores,Consumer Discretionary,S&P 500,79633907712,248.25,502299120.0,NMS,EQUITY,0.097399995,2047583488,0.38981998,0.206,1.541
SNDK,Sandisk,Information Technology,S&P 500,196266344448,1344.29,21072256580.2,NMS,EQUITY,0.56465,7744875008,0.9164,3.716,2.29
SLB,Schlumberger,Energy,S&P 500,78080778240,52.61,550047019.8,NYQ,EQUITY,0.08527,2955124992,0.12909001,0.05,1.439
STX,Seagate Technology,Information Technology,S&P 500,199353679872,878.21,4532810658.2,NMS,EQUITY,0.26108998,1943750016,3.7152898,0.485,1.67
SNA,Snap-on,Industrials,S&P 500,21127426048,408.44,139747746.0,NYQ,EQUITY,0.19597,1109474944,0.17932,0.042,3.433
SOLV,Solventum,Health Care,S&P 500,14518381568,85.29,114663023.1,NYQ,EQUITY,0.17256,489000000,0.33960998,0.022,1.021
STLD,Steel Dynamics,Materials,S&P 500,37721088000,263.18,273107149.6,NMS,EQUITY,0.07825,234191248,0.17568001,0.334,3.183
STE,Steris,Health Care,S&P 500,23068526592,236.6,200000346.0,NYQ,EQUITY,0.13333,798862528,0.11389,0.073,1.906
SYK,Stryker Corporation,Health Care,S&P 500,133180399616,347.21,839168376.9,NYQ,EQUITY,0.14433,4107624960,0.16508,0.094,2.157
SYY,Sysco,Consumer Staples,S&P 500,40544518144,84.69,393505309.8,NYQ,EQUITY,0.02078,1953124992,0.77692,0.047,1.277
TROW,T. Rowe Price,Financials,S&P 500,23767652352,111.42,253576321.2,NMS,EQUITY,0.29262,2023912448,0.19399999,0.107,4.039
TPR,"Tapestry, Inc.",Consumer Discretionary,S&P 500,31062355968,153.74,349721602.40000004,NYQ,EQUITY,0.19086,1364899968,1.97135,0.089,1.752
TEL,TE Connectivity,Information Technology,S&P 500,62105292800,214.2,453557790.0,NYQ,EQUITY,0.15609,2336875008,0.23290001,0.138,1.876
TER,Teradyne,Information Technology,S&P 500,62964674560,402.74,1394233523.8,NMS,EQUITY,0.25766,437381248,0.36465,1.039,2.125
TXN,Texas Instruments,Information Technology,S&P 500,252595175424,276.59,1869056925.0,NMS,EQUITY,0.31111,3545250048,0.35176,0.228,4.857
TXT,Textron,Industrials,S&P 500,15456991232,88.89,138999070.8,NYQ,EQUITY,0.06125,452750016,0.12126,0.03,1.861
TMO,Thermo Fisher Scientific,Health Care,S&P 500,222961319936,603.01,1111793657.4,NYQ,EQUITY,0.15036,6237250048,0.13515,0.105,1.551
TJX,TJX Companies,Consumer Discretionary,S&P 500,168588935168,152.61,791705579.7,NYQ,EQUITY,0.09402,4314250240,0.6125,0.092,1.139
TTD,Trade Desk (The),Communication Services,S&P 500,6338683904,13.49,574458429.8,NGM,EQUITY,0.13608,582992768,0.15441,0.03,1.724
TSCO,Tractor Supply,Consumer Discretionary,S&P 500,18981492736,36.43,495809385.6,NMS,EQUITY,0.06425,103175000,0.39513,0.023,1.334
TT,Trane Technologies,Industrials,S&P 500,105292095488,478.55,648889872.5,NYQ,EQUITY,0.13278,3121687552,0.36643,0.106,1.073
ULTA,Ulta Beauty,Consumer Discretionary,S&P 500,22865586176,531.89,294087299.9,NMS,EQUITY,0.09355,973080128,0.47449002,0.111,1.311
UPS,United Parcel Service,Industrials,S&P 500,88404713472,103.91,564741498.1,NYQ,EQUITY,0.050819997,5557749760,0.29602,0.076,1.179
UHS,Universal Health Services,Health Care,S&P 500,10163602432,172.45,140893374.5,NYQ,EQUITY,0.08424,498316992,0.20948,0.083,1.116
VLO,Valero Energy,Energy,S&P 500,95076524032,330.21,974667648.6,NYQ,EQUITY,0.05446,8416374784,0.27637,0.517,1.636
VEEV,Veeva Systems,Health Care,S&P 500,39231680512,241.51,457516544.0,NYQ,EQUITY,0.28370002,1259549056,0.13934,0.163,4.738
VLTO,Veralto,Industrials,S&P 500,23567501312,96.67,139926924.9,NYQ,EQUITY,0.17346,807124992,0.34312,0.075,1.775
VRTX,Vertex Pharmaceuticals,Health Care,S&P 500,133167407104,525.73,732242001.3000001,NMS,EQUITY,0.34997,2627887616,0.23542999,0.125,3.185
VRT,Vertiv,Industrials,S&P 500,111015182336,288.36,1908106956.0,NYQ,EQUITY,0.15088001,2696537600,0.43943,0.241,1.379
VMC,Vulcan Materials Company,Materials,S&P 500,36331286528,280.38,325947357.6,NYQ,EQUITY,0.13748,843600000,0.13234,0.025,1.757
GWW,W. W. Grainger,Industrials,S&P 500,61607456768,1304.88,441427855.2000001,NYQ,EQUITY,0.09923001,1247750016,0.46091,0.103,2.805
WAB,Wabtec,Industrials,S&P 500,49919913984,295.54,269594543.40000004,NYQ,EQUITY,0.10593,1101374976,0.11553001,0.175,1.121
WST,West Pharmaceutical Services,Health Care,S&P 500,24792676352,352.29,197190804.6,NYQ,EQUITY,0.1698,277937504,0.19087,0.138,2.822
WDC,Western Digital,Information Technology,S&P 500,156520169472,454.1,4120230940.0,NMS,EQUITY,0.72947,2318500096,1.30853,0.438,1.329
WSM,"Williams-Sonoma, Inc.",Consumer Discretionary,S&P 500,28865581056,245.15,229609941.5,NYQ,EQUITY,0.1381,885462144,0.54007,0.044,1.331
WTW,Willis Towers Watson,Financials,S&P 500,31603392512,340.29,207767462.4,NMS,EQUITY,0.15492,1415624960,0.19761999,0.091,1.098
WDAY,"Workday, Inc.",Information Technology,S&P 500,43291979776,175.29,689899370.4,NMS,EQUITY,0.08595,3118749952,0.10858,0.135,1.009
AA,Alcoa,Materials,S&P 400 (MidCap),13517442048,51.22,282484446.4,NYQ,EQUITY,0.09388,960750016,0.18226999,0.314,1.535
AEIS,Advanced Energy,Information Technology,S&P 400 (MidCap),13509814272,337.32,278093354.4,NMS,EQUITY,0.10767,34187500,0.16267,0.3,3.79
AFG,American Financial Group,Financials,S&P 400 (MidCap),12004540416,144.77,56539923.50000001,NYQ,EQUITY,0.11828,142250000,0.20413,0.058,2.085
AIT,Applied Industrial Technologies,Industrials,S&P 400 (MidCap),13020476416,352.29,79998013.2,NYQ,EQUITY,0.083459996,421732864,0.22368999,0.104,2.578
ALSN,Allison Transmission,Industrials,S&P 400 (MidCap),10206645248,123.6,111519336.0,NYQ,EQUITY,0.120170005,214000000,0.28349,0.924,1.807
ALV,Autoliv,Consumer Discretionary,S&P 400 (MidCap),8848520192,120.82,65244008.2,NYQ,EQUITY,0.05804,742124992,0.25858,0.033,1.029
AMG,Affiliated Managers Group,Financials,S&P 400 (MidCap),9571738624,362.4,89567160.0,NYQ,EQUITY,0.37719002,277175008,0.24257,0.299,101.314
ANF,Abercrombie & Fitch,Consumer Discretionary,S&P 400 (MidCap),4986571264,112.23,109456796.7,NYQ,EQUITY,0.093439996,283367872,0.39224,0.015,1.448
APG,APi Group,Industrials,S&P 400 (MidCap),18820579328,43.55,129859132.0,NYQ,EQUITY,0.040999997,648625024,0.10348,0.133,1.389
APPF,AppFolio,Information Technology,S&P 400 (MidCap),6969001472,196.77,89056134.30000001,NGM,EQUITY,0.15134,198919872,0.3209,0.193,3.831
ARMK,Aramark,Consumer Discretionary,S&P 400 (MidCap),15909771264,60.35,176659537.5,NYQ,EQUITY,0.01929,374142496,0.11694,0.093,1.285
ARW,Arrow Electronics,Information Technology,S&P 400 (MidCap),10705411072,210.3,146019702.0,NYQ,EQUITY,0.02259,732857856,0.12036,0.318,1.217
ATI,ATI Inc.,Industrials,S&P 400 (MidCap),31377739776,230.43,402591165.9,NYQ,EQUITY,0.10090999,346687488,0.25357,0.106,2.327
ATR,AptarGroup,Materials,S&P 400 (MidCap),8465826816,133.15,72693242.5,NYQ,EQUITY,0.09217,265978880,0.13459,0.063,1.614
AXTA,Axalta,Materials,S&P 400 (MidCap),7978665472,37.28,59527212.8,NYQ,EQUITY,0.06777,539500032,0.14344,0.031,1.533
AYI,Acuity Brands,Industrials,S&P 400 (MidCap),10786675712,360.33,108574635.6,NYQ,EQUITY,0.10253,467275008,0.17378001,0.016,2.053
BCO,Brink's,Industrials,S&P 400 (MidCap),4693970432,113.96,61448371.6,NYQ,EQUITY,0.033,391237504,0.46236,0.071,1.62
BDC,Belden Inc.,Information Technology,S&P 400 (MidCap),5393963008,138.03,73311873.9,NYQ,EQUITY,0.08522,108234624,0.18643999,0.116,2.135
BROS,Dutch Bros Inc.,Consumer Discretionary,S&P 400 (MidCap),10823247872,51.02,266067769.4,NYQ,EQUITY,0.04907,1719625,0.14562,0.325,1.35
BTSG,BrightSpring Health Services,Health Care,S&P 400 (MidCap),11808537600,59.68,232974606.4,NMS,EQUITY,0.02547,1028438976,0.13036,0.23,1.588
BURL,Burlington Stores,Consumer Discretionary,S&P 400 (MidCap),22218670080,353.63,238233458.4,NYQ,EQUITY,0.052389998,210811744,0.39141,0.141,1.164
BWXT,BWX Technologies,Industrials,S&P 400 (MidCap),15810289664,172.56,157733644.8,NYQ,EQUITY,0.10108,145624256,0.28289,0.18,2.397
CACI,CACI International,Industrials,S&P 400 (MidCap),15029455872,680.08,241659627.2,NYQ,EQUITY,0.055999998,610367104,0.12824,0.176,1.484
CART,Maplebear Inc.,Consumer Staples,S&P 400 (MidCap),11216178176,48.45,237425833.5,NMS,EQUITY,0.120459996,917875008,0.16001,0.141,2.279
CBT,Cabot Corp,Materials,S&P 400 (MidCap),4454928384,86.3,53834803.0,NYQ,EQUITY,0.05228,258250000,0.13345,0.064,1.467
CCK,Crown Holdings,Materials,S&P 400 (MidCap),13128481792,120.71,97269325.1,NYQ,EQUITY,0.05914,853875008,0.27367002,0.165,1.049
CDE,Coeur Mining,Materials,S&P 400 (MidCap),19325175808,18.8,770305184.0,NYQ,EQUITY,0.26817,802993600,0.12848,1.259,3.654
CDP,COPT Defense Properties,Real Estate,S&P 400 (MidCap),4283927808,36.98,29354724.0,NYQ,EQUITY,0.20839001,257286368,0.10825,0.039,2.594
CGNX,Cognex,Information Technology,S&P 400 (MidCap),10206140416,60.67,170897076.1,NMS,EQUITY,0.16051,195671376,0.111490004,0.169,3.934
CHRD,Chord Energy,Energy,S&P 400 (MidCap),7525333504,137.58,117981729.0,NMS,EQUITY,0.14236,961228032,0.10312,0.841,1.221
CLH,Clean Harbors,Industrials,S&P 400 (MidCap),16715081728,316.65,135143053.5,NYQ,EQUITY,0.07032,383758016,0.15562001,0.119,2.131
CMC,Commercial Metals,Materials,S&P 400 (MidCap),8002564096,72.34,78114178.8,NYQ,EQUITY,0.06724,134061248,0.13791999,0.229,2.326
CNO,CNO Financial Group,Financials,S&P 400 (MidCap),5022059520,54.28,39471873.2,NYQ,EQUITY,0.060170002,996099968,0.10934,0.116,1.92
COKE,Coca-Cola Consolidated,Consumer Staples,S&P 400 (MidCap),12565342208,188.77,103043879.9,NMS,EQUITY,0.0715,443481760,0.97331,0.083,1.211
COLM,Columbia Sportswear,Consumer Discretionary,S&P 400 (MidCap),2882176768,56.3,48648830.0,NMS,EQUITY,0.06047,255117376,0.12658,0.015,2.493
CR,Crane,Industrials,S&P 400 (MidCap),12885433344,222.93,87970407.3,NYQ,EQUITY,0.1297,363750016,0.16521999,0.256,2.804
CROX,Crocs,Consumer Discretionary,S&P 400 (MidCap),6262106624,130.61,160497486.3,NMS,EQUITY,0.14635,533888736,0.42299998,0.026,1.49
CRS,Carpenter Technology,Industrials,S&P 400 (MidCap),26265802752,528.64,388481676.8,NYQ,EQUITY,0.16958,238787504,0.25752002,0.126,3.81
CRUS,Cirrus Logic,Information Technology,S&P 400 (MidCap),6108829184,121.89,111387957.6,NMS,EQUITY,0.21004999,450997248,0.20903999,0.129,7.583
CSL,Carlisle Companies,Industrials,S&P 400 (MidCap),15195023360,382.61,161266288.9,NYQ,EQUITY,0.14214,669737472,0.39183,0.083,2.6
CVLT,CommVault Systems,Information Technology,S&P 400 (MidCap),5874352640,141.74,91895711.6,NMS,EQUITY,0.05618,303740256,0.32773998,0.114,2.043
CW,Curtiss-Wright,Industrials,S&P 400 (MidCap),26729826304,723.71,202732882.3,NYQ,EQUITY,0.14811,553040256,0.19746,0.054,1.602
CXT,Crane NXT,Information Technology,S&P 400 (MidCap),2992036608,51.98,34045860.4,NYQ,EQUITY,0.07782,239787504,0.11484,0.22,1.415
DAR,Darling Ingredients,Consumer Staples,S&P 400 (MidCap),10009439232,63.43,148917148.2,NYQ,EQUITY,0.091309994,219643008,0.12126,0.164,1.565
DCI,Donaldson Company,Industrials,S&P 400 (MidCap),11158757376,96.27,61581993.6,NYQ,EQUITY,0.11525,302387488,0.27777,0.058,2.353
DINO,HF Sinclair,Energy,S&P 400 (MidCap),15632534528,87.93,259296777.00000003,NYQ,EQUITY,0.06132,2035624960,0.19504999,0.532,1.971
DOCS,Doximity,Health Care,S&P 400 (MidCap),4454367232,24.99,311892443.1,NYQ,EQUITY,0.25481,239703872,0.17206,0.073,6.078
DUOL,Duolingo,Consumer Discretionary,S&P 400 (MidCap),6298835456,134.63,204741265.1,NMS,EQUITY,0.35875,300198016,0.3442,0.183,2.719
DY,Dycom Industries,Industrials,S&P 400 (MidCap),12312729600,410.17,177008863.5,NYQ,EQUITY,0.04981,288279744,0.19699,0.561,2.584
EEFT,Euronet Worldwide,Financials,S&P 400 (MidCap),2710566144,71.19,59722714.8,NMS,EQUITY,0.06593,311637504,0.22371,0.032,1.371
EHC,Encompass Health,Health Care,S&P 400 (MidCap),12314902528,124.83,142175128.5,NYQ,EQUITY,0.10005999,229924992,0.24968,0.096,1.192
ENS,EnerSys,Industrials,S&P 400 (MidCap),6807088128,186.72,82143729.6,NYQ,EQUITY,0.09292,633937472,0.18363,0.048,2.795
ENSG,Ensign Group,Health Care,S&P 400 (MidCap),10585254912,181.62,61492899.6,NMS,EQUITY,0.06902,280635360,0.16973,0.173,1.211
EPR,EPR Properties,Real Estate,S&P 400 (MidCap),4704553984,61.41,52609332.9,NYQ,EQUITY,0.35626,337729984,0.113170005,0.106,1.666
ESNT,Essent Group Ltd.,Financials,S&P 400 (MidCap),6136733184,68.28,39678190.8,NYQ,EQUITY,0.51452,690249472,0.12009,0.136,1.791
EXEL,Exelixis,Health Care,S&P 400 (MidCap),12483241984,50.38,171460269.20000002,NMS,EQUITY,0.35331002,739715136,0.44393003,0.106,3.456
EXLS,EXL Service,Industrials,S&P 400 (MidCap),5245038080,34.33,90917855.5,NMS,EQUITY,0.11174,262332752,0.25944,0.156,1.244
EXP,Eagle Materials,Materials,S&P 400 (MidCap),6471879680,210.98,93689888.6,NYQ,EQUITY,0.17316,25278250,0.2703,0.026,3.231
EXPO,"Exponent, Inc.",Industrials,S&P 400 (MidCap),3216017152,67.64,35803204.8,NMS,EQUITY,0.19708,76945872,0.31204,0.12,1.977
FCFS,FirstCash,Financials,S&P 400 (MidCap),9280047104,213.965,82641841.6,NMS,EQUITY,0.0942,219812256,0.17398001,0.294,4.887
FCN,FTI Consulting,Industrials,S&P 400 (MidCap),4215735296,152.68,78066810.8,NYQ,EQUITY,0.06443,289741120,0.15634,0.053,2.028
FHI,Federated Hermes,Financials,S&P 400 (MidCap),4703597568,63.0,38590020.0,NYQ,EQUITY,0.21295999,371463872,0.31137,0.183,2.592
FIVE,Five Below,Consumer Discretionary,S&P 400 (MidCap),13168312320,238.145,207802945.55,NMS,EQUITY,0.086739995,427309888,0.21127,0.325,2.098
FR,First Industrial Realty Trust,Real Estate,S&P 400 (MidCap),8678622208,63.34,55768969.8,NYQ,EQUITY,0.47917998,290640736,0.1363,0.084,1.498
FTI,TechnipFMC,Energy,S&P 400 (MidCap),29518211072,75.27,283963602.0,NYQ,EQUITY,0.11282,1463362560,0.35814,0.09,1.08
G,Genpact,Industrials,S&P 400 (MidCap),5704768000,33.95,80393260.5,NYQ,EQUITY,0.11098,479428736,0.22447,0.071,1.996
GAP,Gap Inc.,Consumer Discretionary,S&P 400 (MidCap),7289573376,20.25,107033805.0,NYQ,EQUITY,0.062470004,928499968,0.2758,0.01,1.806
GGG,Graco Inc.,Industrials,S&P 400 (MidCap),13359570944,82.49,108722644.9,NYQ,EQUITY,0.23533002,536623264,0.21240999,0.033,2.992
GHC,Graham Holdings,Consumer Discretionary,S&P 400 (MidCap),5028468736,1187.38,30385054.200000003,NYQ,EQUITY,0.10691,267685120,0.118710004,0.071,1.86
GLPI,Gaming and Leisure Properties,Real Estate,S&P 400 (MidCap),12908470272,43.1,101710828.0,NMS,EQUITY,0.58529,506751744,0.19354999,0.09,24.29
GMED,Globus Medical,Health Care,S&P 400 (MidCap),11502218240,85.67,145704965.9,NYQ,EQUITY,0.17025,554194880,0.118140005,0.059,4.622
GWRE,Guidewire Software,Information Technology,S&P 400 (MidCap),14410012672,173.08,189131439.2,NYQ,EQUITY,0.1125,283154240,0.1193,0.269,2.445
HAE,Haemonetics,Health Care,S&P 400 (MidCap),4155700480,91.34,81179338.4,NYQ,EQUITY,0.07122,312840000,0.111999996,0.056,3.08
HALO,Halozyme,Health Care,S&P 400 (MidCap),11552961536,101.79,302646099.6,NMS,EQUITY,0.24858999,337308640,1.73674,0.477,2.709
HL,Hecla Mining,Materials,S&P 400 (MidCap),12139894784,18.1,651814485.0,NYQ,EQUITY,0.19150999,342344736,0.22173999,0.524,5.197
HLNE,Hamilton Lane,Financials,S&P 400 (MidCap),6922709504,103.29,88904801.7,NMS,EQUITY,0.32141998,231402752,0.32416,0.565,4.111
HQY,HealthEquity,Health Care,S&P 400 (MidCap),8844112896,105.5,65097720.0,NMS,EQUITY,0.17252001,370328512,0.11062,0.072,3.437
HRB,H&R Block,Consumer Discretionary,S&P 400 (MidCap),6867868160,54.18,173306649.6,NYQ,EQUITY,0.18594,624796864,7.13542,0.03,1.133
HXL,Hexcel,Industrials,S&P 400 (MidCap),7737035776,102.31,99830005.6,NYQ,EQUITY,0.077589996,252975008,0.10764,0.08,2.427
IESC,IES Holdings,Industrials,S&P 400 (MidCap),15268632576,766.33,169190337.4,NGM,EQUITY,0.11444,329443360,0.44522998,0.396,1.63
ILMN,"Illumina, Inc.",Health Care,S&P 400 (MidCap),29129410560,192.91,477633585.4,NMS,EQUITY,0.18336001,797625024,0.32339,0.094,1.796
INGR,Ingredion,Consumer Staples,S&P 400 (MidCap),6542887936,103.75,83073662.5,NYQ,EQUITY,0.082049996,457249984,0.13693,0.009,2.798
ITT,ITT Inc.,Industrials,S&P 400 (MidCap),19453016064,216.53,250364977.8,NYQ,EQUITY,0.08896,275087488,0.11569,0.515,1.263
JAZZ,Jazz Pharmaceuticals,Health Care,S&P 400 (MidCap),16160159744,248.945,246923566.6,NMS,EQUITY,0.20445,1429392896,0.22114,0.155,1.779
JLL,Jones Lang LaSalle,Real Estate,S&P 400 (MidCap),16688834560,362.74,124601190.0,NYQ,EQUITY,0.03642,1500125056,0.13520001,0.108,1.126
KBR,"KBR, Inc.",Industrials,S&P 400 (MidCap),4803181056,38.1,69996939.0,NYQ,EQUITY,0.054899998,281500000,0.27531,0.016,1.148
KEX,Kirby Corporation,Industrials,S&P 400 (MidCap),7177103360,135.93,81791799.60000001,NYQ,EQUITY,0.1018,347219136,0.10414,0.078,1.684
KRYS,Krystal Biotech,Health Care,S&P 400 (MidCap),9852268544,332.86,121480585.6,NMS,EQUITY,0.54818,151739744,0.20124,0.241,8.318
LAD,Lithia Motors,Consumer Discretionary,S&P 400 (MidCap),8321708544,378.55,130550538.5,NYQ,EQUITY,0.01883,547649984,0.10719,0.022,1.003
LEA,Lear,Consumer Discretionary,S&P 400 (MidCap),8070858752,121.23,114575685.3,NYQ,EQUITY,0.023459999,858987520,0.12094,0.03,1.314
LECO,Lincoln Electric,Industrials,S&P 400 (MidCap),15641517056,286.97,132666231.0,NMS,EQUITY,0.12353,307077120,0.37736,0.12,1.982
LIVN,LivaNova,Health Care,S&P 400 (MidCap),4450453504,80.78,70856984.8,NMS,EQUITY,0.12813,64685124,0.15404001,0.108,1.45
LNTH,Lantheus Holdings,Health Care,S&P 400 (MidCap),6574885888,100.73,293422460.8,NGM,EQUITY,0.1769,451656000,0.22215,0.027,3.06
LOPE,Grand Canyon Education,Consumer Discretionary,S&P 400 (MidCap),3702798848,142.06,46098470.0,NMS,EQUITY,0.19632,205755248,0.30979002,0.067,2.818
LSTR,Landstar System,Industrials,S&P 400 (MidCap),6307177472,185.85,116438742.0,NMS,EQUITY,0.02636,96691872,0.14977999,0.181,1.825
M,Macy's,Consumer Discretionary,S&P 400 (MidCap),6257673216,23.79,106295385.3,NYQ,EQUITY,0.029360002,748875008,0.14363,0.021,1.475
MAT,Mattel,Consumer Discretionary,S&P 400 (MidCap),4185504768,14.65,60302623.0,NMS,EQUITY,0.07785,425315872,0.20497,0.105,1.902
MKSI,MKS Instruments,Information Technology,S&P 400 (MidCap),20747094016,306.83,549713559.6999999,NMS,EQUITY,0.10099,480375008,0.15845999,0.283,1.144
MLI,Mueller Industries,Industrials,S&P 400 (MidCap),15102265344,68.28,73027508.4,NYQ,EQUITY,0.18247,524939744,0.26325,0.255,4.775
MOG-A,Moog Inc.,Industrials,S&P 400 (MidCap),13581230080,428.82,140777317.8,NYQ,EQUITY,0.087340005,333472640,0.18106002,0.152,2.087
MORN,"Morningstar, Inc.",Financials,S&P 400 (MidCap),7409305600,197.51,73764059.7,NMS,EQUITY,0.16427,497800000,0.3196,0.096,1.056
MSA,MSA Safety,Industrials,S&P 400 (MidCap),7408573952,192.04,73295906.8,NYQ,EQUITY,0.16133,316457248,0.2366,0.062,3.236
MSM,MSC Industrial Direct,Industrials,S&P 400 (MidCap),6670281728,119.44,73412601.6,NYQ,EQUITY,0.05915,195171120,0.16322,0.078,1.548
MTSI,MACOM Technology Solutions,Information Technology,S&P 400 (MidCap),23732264960,310.75,521867335.0,NMS,EQUITY,0.20698999,104351504,0.17184,0.358,2.338
NBIX,Neurocrine Biosciences,Health Care,S&P 400 (MidCap),15907081216,156.49,265012685.2,NMS,EQUITY,0.20910999,638237504,0.22089,0.395,1.872
NEU,NewMarket Corporation,Materials,S&P 400 (MidCap),8593213440,934.41,137694657.6,NYQ,EQUITY,0.15802,435517888,0.25123,0.07,2.252
NVT,nVent Electric plc,Industrials,S&P 400 (MidCap),27703605248,171.16,416945760.0,NYQ,EQUITY,0.12377,468175008,0.15748,0.528,1.8
NXT,Nextpower,Industrials,S&P 400 (MidCap),15927687168,103.67,329887270.3,NMS,EQUITY,0.16364,324051264,0.27224,0.082,2.689
NYT,New York Times Company,Communication Services,S&P 400 (MidCap),10314085376,63.95,200538247.0,NYQ,EQUITY,0.13313,459932128,0.19724001,0.113,1.58
OLLI,Ollie's Bargain Outlet,Consumer Discretionary,S&P 400 (MidCap),4730469888,78.25,97013567.5,NGM,EQUITY,0.09132,135756496,0.13781,0.142,2.32
OPCH,Option Care Health,Health Care,S&P 400 (MidCap),3570880256,23.84,68831801.6,NMS,EQUITY,0.03681,256067872,0.15999,0.019,1.465
OSK,Oshkosh,Industrials,S&P 400 (MidCap),9705605120,155.66,127376578.0,NYQ,EQUITY,0.05243,734037504,0.12387,0.067,1.718
PATH,UiPath,Information Technology,S&P 400 (MidCap),7906515456,15.26,955145069.2,NYQ,EQUITY,0.19578,511553632,0.18181999,0.173,2.307
PBF,PBF Energy,Energy,S&P 400 (MidCap),8337881600,70.34,269560465.0,NYQ,EQUITY,0.03937,78462496,0.23228,0.562,1.33
PCTY,Paylocity,Industrials,S&P 400 (MidCap),7728807936,145.67,146529453.0,NMS,EQUITY,0.15228,359865120,0.21972999,0.11,1.089
PEGA,Pegasystems,Information Technology,S&P 400 (MidCap),5154095104,31.35,56542546.5,NMS,EQUITY,0.18662001,507401984,0.54693,0.094,1.059
PEN,"Penumbra, Inc.",Health Care,S&P 400 (MidCap),12863797248,326.58,91292173.2,NYQ,EQUITY,0.106709994,161100128,0.1137,0.149,5.75
PRI,Primerica,Financials,S&P 400 (MidCap),9566831616,310.84,62093398.4,NYQ,EQUITY,0.22839001,1038982144,0.32966,0.087,3.73
QLYS,Qualys,Information Technology,S&P 400 (MidCap),6590862848,187.15,177786885.5,NMS,EQUITY,0.29381,244382624,0.38592,0.11,1.384
RGA,Reinsurance Group of America,Financials,S&P 400 (MidCap),16069433344,246.08,90710009.6,NYQ,EQUITY,0.05807,9836499968,0.11687,0.185,1.166
RLI,RLI Corp.,Financials,S&P 400 (MidCap),5775275008,62.93,46829359.5,NYQ,EQUITY,0.22219,316104256,0.25164,0.152,1.06
RMBS,Rambus,Information Technology,S&P 400 (MidCap),10922915840,101.01,230458355.4,NMS,EQUITY,0.3169,202302368,0.17789,0.204,9.754
ROKU,"Roku, Inc.",Communication Services,S&P 400 (MidCap),22528516096,151.79,472526823.7,NMS,EQUITY,0.06819,836552128,0.13122,0.219,2.866
RPM,RPM International,Materials,S&P 400 (MidCap),14687880192,115.07,100199503.9,NYQ,EQUITY,0.08411,480144864,0.21371001,0.072,1.678
RS,"Reliance, Inc.",Materials,S&P 400 (MidCap),21805246464,427.11,126300698.1,NYQ,EQUITY,0.056550004,345437504,0.12229,0.265,4.297
SAIA,Saia,Industrials,S&P 400 (MidCap),9727177728,364.66,226439273.6,NMS,EQUITY,0.08194,135712256,0.10767,0.171,1.584
SAIC,Science Applications Intl Corp,Industrials,S&P 400 (MidCap),5339984896,126.31,52263288.7,NMS,EQUITY,0.055549998,418124992,0.27664,0.015,1.156
SARO,StandardAero,Industrials,S&P 400 (MidCap),9063882752,27.39,89114186.7,NYQ,EQUITY,0.051220004,369616000,0.12302,0.046,2.135
SEIC,SEI Investments Company,Financials,S&P 400 (MidCap),12666824704,105.54,60970458.0,NMS,EQUITY,0.28847998,377482240,0.27587998,0.147,5.059
SHC,Sotera Health,Health Care,S&P 400 (MidCap),5390729728,18.89,54430023.8,NMS,EQUITY,0.13442001,153967120,0.27781,0.092,2.796
SLGN,Silgan Holdings,Materials,S&P 400 (MidCap),4298087424,40.67,51845709.3,NYQ,EQUITY,0.04045,313311264,0.11748,0.068,1.272
SN,SharkNinja,Consumer Discretionary,S&P 400 (MidCap),26220423168,186.13,410632560.8,NYQ,EQUITY,0.100609995,638667520,0.27528,0.222,2.08
SNX,TD Synnex,Information Technology,S&P 400 (MidCap),20406274048,255.21,146896323.9,NYQ,EQUITY,0.01629,304888992,0.13141,0.31,1.199
SPXC,SPX Technologies,Industrials,S&P 400 (MidCap),10927732736,218.18,110704532.0,NYQ,EQUITY,0.11265001,234024992,0.14684,0.229,1.825
SSD,Simpson Manufacturing,Industrials,S&P 400 (MidCap),7985045504,194.83,47563847.900000006,NYQ,EQUITY,0.15645,446386496,0.18722,0.063,3.288
STRL,Sterling Infrastructure,Industrials,S&P 400 (MidCap),16791567360,548.95,480913137.00000006,NMS,EQUITY,0.12549,349384384,0.40005,0.901,1.107
THC,Tenet Health,Health Care,S&P 400 (MidCap),21481664512,266.79,243790034.1,NYQ,EQUITY,0.102740005,2247875072,0.37337002,0.068,1.406
TOST,"Toast, Inc.",Financials,S&P 400 (MidCap),19686680576,34.06,381356196.0,NYQ,EQUITY,0.07143,480500000,0.25162,0.231,2.4
TREX,Trex,Industrials,S&P 400 (MidCap),5146103808,49.53,125300994.0,NYQ,EQUITY,0.14682999,69669128,0.17740999,0.078,1.061
TRU,TransUnion,Industrials,S&P 400 (MidCap),15220704256,79.44,143515509.6,NYQ,EQUITY,0.15077,808625024,0.15626,0.149,1.9
TTC,Toro,Industrials,S&P 400 (MidCap),9324875776,97.92,48960000.0,NYQ,EQUITY,0.07294,670537472,0.23889999,0.081,1.556
TWLO,Twilio,Information Technology,S&P 400 (MidCap),37874720768,246.62,793665085.4,NYQ,EQUITY,0.20615,954675392,0.13497,0.22,4.621
ULS,UL Solutions,Industrials,S&P 400 (MidCap),15455859712,76.68,105924985.2,NYQ,EQUITY,0.16083999,420500000,0.38712,0.052,1.425
USFD,US Foods,Consumer Staples,S&P 400 (MidCap),23999729664,110.94,298201173.0,NYQ,EQUITY,0.01814,805124992,0.16350001,0.045,1.137
VICR,Vicor Corporation,Industrials,S&P 400 (MidCap),10425654272,226.12,152601604.4,NMS,EQUITY,0.30645,339500,0.20131999,0.493,13.249
VMI,Valmont Industries,Industrials,S&P 400 (MidCap),9569183744,492.91,91518599.7,NYQ,EQUITY,0.116960004,142812496,0.29777,0.065,2.354
WCC,WESCO International,Industrials,S&P 400 (MidCap),17767999488,364.6,231251196.0,NYQ,EQUITY,0.02839,177050000,0.14308,0.13,2.091
WEX,WEX Inc.,Financials,S&P 400 (MidCap),6477551104,190.06,125093690.8,NYQ,EQUITY,0.12560001,1331299968,0.3019,0.142,1.045
WMS,Advanced Drainage Systems,Industrials,S&P 400 (MidCap),10596712448,140.53,111059453.7,NYQ,EQUITY,0.14001,327261376,0.26354,0.206,2.119
WSO,Watsco,Industrials,S&P 400 (MidCap),12763840512,309.41,182196078.5,NYQ,EQUITY,0.06531,483663744,0.16744,0.021,3.199
WTS,Watts Water Technologies,Industrials,S&P 400 (MidCap),12898208768,386.37,86685973.2,NYQ,EQUITY,0.14336,228787504,0.18805,0.186,2.66
WWD,"Woodward, Inc.",Industrials,S&P 400 (MidCap),21415919616,362.7,283751091.0,NMS,EQUITY,0.13169,187228624,0.22339001,0.212,1.645
XPO,"XPO, Inc.",Industrials,S&P 400 (MidCap),24464046080,208.94,212051116.6,NYQ,EQUITY,0.047119997,473750016,0.21587,0.132,1.011
YETI,Yeti Holdings,Consumer Discretionary,S&P 400 (MidCap),3851553024,50.84,67666514.80000001,NYQ,EQUITY,0.09236,129085128,0.25320998,0.085,1.751
AAMI,Acadian Asset Management Inc.,Financials,S&P 600 (SmallCap),3271834880,92.19,39130045.5,NYQ,EQUITY,0.15168001,234587504,1.0676999,0.453,1.048
ACAD,Acadia Pharmaceuticals,Health Care,S&P 600 (SmallCap),5042896384,29.45,63334581.0,NMS,EQUITY,0.33416,68647000,0.35743,0.164,3.388
ACIW,ACI Worldwide,Information Technology,S&P 600 (SmallCap),5325388800,52.75,70314167.5,NMS,EQUITY,0.124,260535632,0.15617,0.073,1.582
ADEA,"Adeia, Inc.",Information Technology,S&P 600 (SmallCap),3099975168,28.11,33723819.99,NMS,EQUITY,0.26053,195100624,0.27878,0.121,3.247
ADMA,"ADMA Biologics, Inc.",Health Care,S&P 600 (SmallCap),2190569984,9.78,26790843.0,NGM,EQUITY,0.32981998,54755376,0.41897,0.159,6.972
AEO,American Eagle Outfitters,Consumer Discretionary,S&P 600 (SmallCap),2721390848,16.24,70646760.8,NYQ,EQUITY,0.0496,144004128,0.17569,0.097,1.545
AGX,"Argan, Inc.",Industrials,S&P 600 (SmallCap),8020410880,572.1,152012691.0,NYQ,EQUITY,0.1548,416462240,0.38521,0.502,1.53
AGYS,"Agilysys, Inc.",Information Technology,S&P 600 (SmallCap),3027891200,107.35,29468648.5,NMS,EQUITY,0.12986,57453376,0.13802,0.143,1.741
ALHC,"Alignment Healthcare, Inc.",Health Care,S&P 600 (SmallCap),2804523264,13.52,106130783.2,NMS,EQUITY,0.00889,188581872,0.20044,0.316,1.698
ALRM,"Alarm.Com, Inc.",Financials,S&P 600 (SmallCap),2722543872,55.46,21713144.6,NMS,EQUITY,0.11112001,100146624,0.13311,0.092,4.96
APAM,"Artisan Partners Asset Management, Inc.",Financials,S&P 600 (SmallCap),2966230784,41.78,37190884.8,NYQ,EQUITY,0.24084,291218624,0.64552003,0.089,3.007
ASO,Academy Sports + Outdoors,Consumer Discretionary,S&P 600 (SmallCap),3053784832,49.24,46714972.8,NMS,EQUITY,0.0624,88252000,0.18847999,0.067,1.677
ATMU,Atmus Filtration Technologies Inc.,Industrials,S&P 600 (SmallCap),4063457280,49.8,39727452.0,NYQ,EQUITY,0.11323,103862496,0.5579,0.164,2.65
AWI,"Armstrong World Industries, Inc.",Industrials,S&P 600 (SmallCap),7753538048,183.46,85081409.60000001,NYQ,EQUITY,0.18597001,220824992,0.36618,0.112,1.519
AZZ,"AZZ, Inc.",Industrials,S&P 600 (SmallCap),4549196288,151.38,33368693.4,NYQ,EQUITY,0.118310004,104912376,0.15314999,0.063,1.923
BCPC,Balchem Corporation,Materials,S&P 600 (SmallCap),5730392576,179.76,38849731.2,NMS,EQUITY,0.15141,134847504,0.12793,0.112,2.665
BKE,"The Buckle, Inc.",Consumer Discretionary,S&P 600 (SmallCap),2334799616,45.32,17451372.4,NYQ,EQUITY,0.16846001,162151376,0.48981997,0.061,2.042
BOOT,"Boot Barn Holdings, Inc.",Consumer Discretionary,S&P 600 (SmallCap),4867985920,160.74,131678208.0,NYQ,EQUITY,0.103520006,21869500,0.19174999,0.177,2.53
BRC,Brady Corporation,Industrials,S&P 600 (SmallCap),4481369088,95.12,13905592.8,NYQ,EQUITY,0.12927,145758368,0.16695999,0.138,2.01
CARG,CarGurus,Communication Services,S&P 600 (SmallCap),3285030144,36.88,38725475.2,NMS,EQUITY,0.18189,241320752,0.53470004,0.131,1.85
CHEF,"Chefs' Warehouse, Inc.",Consumer Staples,S&P 600 (SmallCap),4531220992,111.07,58402827.4,NMS,EQUITY,0.02094,107143504,0.15252,0.129,2.148
CNS,"Cohen & Steers, Inc.",Financials,S&P 600 (SmallCap),4361574400,84.82,19773238.4,NYQ,EQUITY,0.28824,156940496,0.27329,0.122,6.638
CNXN,"PC Connection, Inc.",Information Technology,S&P 600 (SmallCap),2025609984,80.26,16312042.4,NMS,EQUITY,0.03208,11910875,0.104320005,0.124,2.88
COCO,The Vita Coco Company,Consumer Staples,S&P 600 (SmallCap),3845072640,66.45,62226438.0,NMS,EQUITY,0.15503,104597248,0.31370002,0.281,3.356
CON,"Concentra Group Holdings Parent, Inc.",Health Care,S&P 600 (SmallCap),4404462592,34.54,36005877.6,NYQ,EQUITY,0.08688,204793632,0.4706,0.1,1.377
CRVL,CorVel Corporation,Health Care,S&P 600 (SmallCap),3169914880,62.75,12544980.0,NMS,EQUITY,0.11724,91710128,0.30697,0.107,1.941
CSW,"CSW Industrials, Inc.",Industrials,S&P 600 (SmallCap),5654003200,347.01,63350145.6,NYQ,EQUITY,0.10335,72619248,0.109280005,0.33,2.7
CVCO,"Cavco Industries, Inc.",Consumer Discretionary,S&P 600 (SmallCap),4601184256,598.38,95710881.0,NMS,EQUITY,0.07886,163879120,0.16658,0.095,2.229
CVI,"CVR Energy, Inc.",Energy,S&P 600 (SmallCap),3522592256,35.04,41744904.0,NYQ,EQUITY,0.0081400005,214500000,0.24254999,0.555,1.418
CVSA,Covista Inc.,Consumer Discretionary,S&P 600 (SmallCap),4364457472,128.22,49628833.2,NYQ,EQUITY,0.12874,323942752,0.18569,0.097,1.093
DAVE,"Dave, Inc.",Financials,S&P 600 (SmallCap),4033163776,316.19,157497400.9,NGM,EQUITY,0.34589002,167170368,1.04779,0.296,4.223
DBD,Diebold Nixdorf,Information Technology,S&P 600 (SmallCap),2436686080,71.78,23642178.6,NYQ,EQUITY,0.028719999,312012512,0.10944,0.017,1.267
DORM,"Dorman Products, Inc.",Consumer Discretionary,S&P 600 (SmallCap),3965552896,133.63,65985157.7,NMS,EQUITY,0.10176,143988752,0.15048,0.007,3.598
DXPE,"DXP Enterprises, Inc.",Industrials,S&P 600 (SmallCap),3037636864,195.76,34465505.6,NMS,EQUITY,0.04355,74078496,0.18469,0.156,2.993
ECG,"Everus Construction Group, Inc.",Industrials,S&P 600 (SmallCap),7148937216,140.0,99808800.0,NYQ,EQUITY,0.05964,184378496,0.39525002,0.337,1.587
EPAM,EPAM Systems,Information Technology,S&P 600 (SmallCap),5173658112,100.29,206201254.5,NYQ,EQUITY,0.07151,650156096,0.111770004,0.045,2.755
FELE,Franklin Electric,Industrials,S&P 600 (SmallCap),4750080000,107.44,26450653.6,NMS,EQUITY,0.07056,149414368,0.11767,0.06,2.406
FORM,"FormFactor, Inc.",Information Technology,S&P 600 (SmallCap),10038236160,128.77,185082408.7,NMS,EQUITY,0.12798001,114850000,0.10989001,0.319,4.078
FRPT,Freshpet,Consumer Staples,S&P 600 (SmallCap),3475079168,72.31,136534295.8,NGM,EQUITY,0.17283002,19274124,0.17622,0.155,6.046
FSS,Federal Signal Corporation,Industrials,S&P 600 (SmallCap),7710166016,126.31,59906306.8,NYQ,EQUITY,0.11659,194724992,0.20608,0.187,2.739
FTDR,"Frontdoor, Inc.",Consumer Discretionary,S&P 600 (SmallCap),5891067392,85.51,54817040.6,NMS,EQUITY,0.12768,333624992,1.01859,0.045,1.591
GFF,Griffon Corporation,Industrials,S&P 600 (SmallCap),4750509568,104.88,43163364.0,NYQ,EQUITY,0.06998,444938752,2.27544,0.07,2.411
GOLF,Acushnet Company,Consumer Discretionary,S&P 600 (SmallCap),5203889152,89.1,42147864.0,NYQ,EQUITY,0.081190005,73061000,0.25239,0.138,2.55
GTES,Gates Corporation,Industrials,S&P 600 (SmallCap),7045196800,27.83,65451150.6,NYQ,EQUITY,0.103719994,417662496,0.10384,0.066,3.244
HAYW,"Hayward Holdings, Inc.",Industrials,S&P 600 (SmallCap),3245429760,15.3,41610645.0,NYQ,EQUITY,0.13828,164106256,0.104119994,0.063,3.327
HMN,Horace Mann Educators Corporation,Financials,S&P 600 (SmallCap),2087424512,51.54,12801505.2,NYQ,EQUITY,0.10154,222650000,0.12385,0.077,2.872
HRMY,"Harmony Biosciences Holdings, Inc.",Health Care,S&P 600 (SmallCap),2316061440,39.77,35808510.300000004,NGM,EQUITY,0.18884,182835504,0.20456,0.303,3.479
IBP,"Installed Building Products, Inc.",Consumer Discretionary,S&P 600 (SmallCap),6457410560,242.95,88793366.0,NYQ,EQUITY,0.084580004,289112512,0.38451,0.023,2.983
INSW,"International Seaways, Inc.",Energy,S&P 600 (SmallCap),4575702528,92.38,50785905.0,NYQ,EQUITY,0.61767,69650376,0.37412,1.401,5.944
IPAR,"Inter Parfums, Inc.",Consumer Staples,S&P 600 (SmallCap),3781604096,118.08,34756848.0,NMS,EQUITY,0.111719996,219527504,0.19105,0.021,3.31
IRDM,Iridium Communications,Communication Services,S&P 600 (SmallCap),5260933120,49.65,54728698.5,NMS,EQUITY,0.10548,239205376,0.19715,0.038,2.782
JOE,St. Joe Company,Real Estate,S&P 600 (SmallCap),3865577728,67.9,14840224.000000002,NYQ,EQUITY,0.22461,118878000,0.16246,0.23,3.839
KALU,Kaiser Aluminum Corporation,Materials,S&P 600 (SmallCap),3097989632,189.49,47190589.6,NMS,EQUITY,0.05489,33025000,0.26398,0.527,2.495
KFY,Korn/Ferry International,Industrials,S&P 600 (SmallCap),4277966080,83.3,26552708.0,NYQ,EQUITY,0.095419995,244188256,0.14583999,0.067,1.941
KLIC,"Kulicke and Soffa Industries, Inc.",Information Technology,S&P 600 (SmallCap),4979115520,95.15,106845838.0,NMS,EQUITY,0.121800005,57164124,0.13231,1.226,3.444
KTB,Kontoor Brands,Consumer Discretionary,S&P 600 (SmallCap),4510224384,81.6,63804671.99999999,NYQ,EQUITY,0.07802,440592512,0.49523997,0.186,1.831
LIF,Life360,Information Technology,S&P 600 (SmallCap),4004760320,49.15,58426079.5,NMS,EQUITY,0.25725,74707752,0.30056,0.378,5.601
LGND,"Ligand Pharmaceuticals, Inc.",Health Care,S&P 600 (SmallCap),5846515712,293.27,85455945.3,NGM,EQUITY,0.6788,139748880,0.21962,0.337,31.178
LNC,Lincoln Financial,Financials,S&P 600 (SmallCap),8442826752,44.1,105425019.0,NYQ,EQUITY,0.12169,2069374976,0.22587,0.126,2.184
LQDA,Liquidia Corporation,Health Care,S&P 600 (SmallCap),7052405248,78.79,114098950.6,NCM,EQUITY,0.30739,54709124,1.3181599,18.427,2.312
LW,Lamb Weston,Consumer Staples,S&P 600 (SmallCap),7301730304,53.11,70839711.3,NYQ,EQUITY,0.043860003,452924992,0.16280001,0.056,1.423
MCRI,"Monarch Casino & Resort, Inc.",Consumer Discretionary,S&P 600 (SmallCap),2219883264,123.86,16026245.4,NMS,EQUITY,0.20399,131950872,0.20544,0.042,1.207
MD,Pediatrix Medical Group,Health Care,S&P 600 (SmallCap),2153211648,26.5,24375495.0,NYQ,EQUITY,0.08962,160776992,0.20389,0.04,1.316
MGY,"Magnolia Oil & Gas, Corp.",Energy,S&P 600 (SmallCap),6392091136,26.36,107624189.6,NYQ,EQUITY,0.28773,332475744,0.20854001,0.501,1.583
MWA,Mueller Water Products,Industrials,S&P 600 (SmallCap),4085809152,26.17,29871746.500000004,NYQ,EQUITY,0.15021,128775000,0.21684,0.041,4.636
MYRG,"MYR Group, Inc.",Industrials,S&P 600 (SmallCap),5179577856,332.68,101607125.6,NMS,EQUITY,0.04126,177308880,0.24714,0.201,1.398
NATL,NCR Atleos,Financials,S&P 600 (SmallCap),3467244032,46.92,31193823.6,NYQ,EQUITY,0.04435,477875008,0.48529,0.001,1.026
NHC,"National Healthcare, Corp.",Health Care,S&P 600 (SmallCap),3471191552,221.64,27494442.0,ASE,EQUITY,0.08997,63169624,0.13267,0.088,1.862
NMIH,"NMI Holdings, Inc.",Financials,S&P 600 (SmallCap),3375777024,44.88,22728578.4,NGM,EQUITY,0.54097,329759616,0.15427,0.081,2.029
NSIT,"Insight Enterprises, Inc.",Industrials,S&P 600 (SmallCap),4539386368,154.67,91714669.9,NMS,EQUITY,0.024530001,438449760,0.13112001,0.147,1.183
OII,"Oceaneering International, Inc.",Energy,S&P 600 (SmallCap),5078002688,51.02,38507855.2,NYQ,EQUITY,0.121879995,237835120,0.34570998,0.1,2.176
OPLN,"OPENLANE, Inc.",Industrials,S&P 600 (SmallCap),4338434560,35.33,48425417.8,NYQ,EQUITY,0.09667,26375000,0.11147001,0.151,1.168
OSIS,"OSI Systems, Inc.",Information Technology,S&P 600 (SmallCap),3816942848,231.57,36421329.6,NMS,EQUITY,0.08424,36977752,0.17165,0.02,3.245
OSW,OneSpaWorld Holdings Limited,Consumer Discretionary,S&P 600 (SmallCap),2699865856,26.6,30274258.0,NCM,EQUITY,0.08019,48876500,0.14321,0.085,2.905
PARR,"Par Pacific Holdings, Inc.",Energy,S&P 600 (SmallCap),3896749056,77.78,100230419.2,NYQ,EQUITY,0.09942,82314872,0.53489,0.568,1.84
PAYC,Paycom,Industrials,S&P 600 (SmallCap),9522732032,211.28,265614877.6,NYQ,EQUITY,0.22778,423724992,0.41089,0.098,1.074
PLUS,"ePlus, Inc.",Information Technology,S&P 600 (SmallCap),2320691456,88.74,25391176.2,NMS,EQUITY,0.04914,39345124,0.11698,0.01,2.131
PLXS,Plexus Corp.,Information Technology,S&P 600 (SmallCap),7248038912,271.95,89699988.0,NMS,EQUITY,0.04034,20809250,0.1258,0.281,1.488
POOL,Pool Corporation,Consumer Discretionary,S&P 600 (SmallCap),7246708736,199.41,136683590.4,NMS,EQUITY,0.07414,212930256,0.31254998,0.022,2.671
POWL,"Powell Industries, Inc.",Industrials,S&P 600 (SmallCap),7577054208,207.98,165635272.0,NMS,EQUITY,0.16488001,190403632,0.28252,0.089,1.971
PSMT,PriceSmart,Consumer Staples,S&P 600 (SmallCap),5491012608,177.93,50501871.9,NMS,EQUITY,0.028199999,58311500,0.12314,0.125,1.277
PTGX,"Protagonist Therapeutics, Inc.",Health Care,S&P 600 (SmallCap),9836305408,152.01,76746808.8,NGM,EQUITY,0.29400998,96145752,0.10985,37.492,21.709
RAMP,"LiveRamp Holdings, Inc.",Information Technology,S&P 600 (SmallCap),2298658304,37.81,28895158.200000003,NYQ,EQUITY,0.18714,169467120,0.16055,0.098,2.657
RDN,"Radian Group, Inc.",Financials,S&P 600 (SmallCap),4866780672,36.44,42231044.8,NYQ,EQUITY,0.32512,308735264,0.12026,0.935,1.588
RELY,Remitly,Financials,S&P 600 (SmallCap),5101894656,24.23,89520642.60000001,NMS,EQUITY,0.16855,196120992,0.32246,0.202,3.181
REYN,Reynolds Consumer Products,Consumer Staples,S&P 600 (SmallCap),5528428032,26.23,31789186.2,NMS,EQUITY,0.09086,244124992,0.15433,0.006,1.795
RHP,Ryman Hospitality Properties,Real Estate,S&P 600 (SmallCap),7824918528,123.99,152345273.1,NYQ,EQUITY,0.09947,567982976,0.22583,0.136,1.313
ROAD,"Construction Partners, Inc.",Industrials,S&P 600 (SmallCap),6897502720,121.53,116744148.6,NMS,EQUITY,0.04098,52442000,0.15048,0.282,1.566
RSI,"Rush Street Interactive, Inc.",Consumer Discretionary,S&P 600 (SmallCap),5622623232,24.28,87025104.4,NYQ,EQUITY,0.02335,127112000,0.30279,0.463,2.116
SEZL,Sezzle,Financials,S&P 600 (SmallCap),4224194048,125.44,140308403.2,NCM,EQUITY,0.3035,100542000,0.88851,0.517,4.017
SHOO,"Steven Madden, Ltd.",Consumer Discretionary,S&P 600 (SmallCap),3490547456,47.7,61837326.0,NMS,EQUITY,0.05228,219048992,0.15913,0.191,1.906
SIG,Signet Jewelers,Consumer Discretionary,S&P 600 (SmallCap),3639184896,92.53,53314860.7,NYQ,EQUITY,0.04287,451787488,0.15933,0.008,1.615
SKY,"Champion Homes, Inc.",Consumer Discretionary,S&P 600 (SmallCap),5095819264,93.88,73396322.8,NYQ,EQUITY,0.0716,184228752,0.12645,0.013,2.738
SXI,Standex International Corporation,Industrials,S&P 600 (SmallCap),4004345088,330.53,47735142.6,NYQ,EQUITY,0.11735,175531008,0.17218,0.028,2.404
TDS,"Telephone and Data Systems, Inc.",Communication Services,S&P 600 (SmallCap),3818397440,33.17,49380842.400000006,NYQ,EQUITY,0.33203,599447616,0.11784001,0.036,3.818
TGTX,"TG Therapeutics, Inc.",Health Care,S&P 600 (SmallCap),7576918016,49.5,129065310.0,NCM,EQUITY,0.55218,59134500,1.0028,0.703,4.267
TILE,"Interface, Inc.",Industrials,S&P 600 (SmallCap),2227051776,38.53,19972796.1,NMS,EQUITY,0.10103,103601872,0.23225,0.054,2.527
TMDX,"TransMedics Group, Inc.",Health Care,S&P 600 (SmallCap),3007490560,87.02,107254760.6,NGM,EQUITY,0.22694,44496752,0.36285,0.207,6.625
TPC,Tutor Perini Corporation,Industrials,S&P 600 (SmallCap),5053995008,96.14,63493740.2,NYQ,EQUITY,0.02083,573201344,0.13736,0.192,1.285
UFPT,"UFP Technologies, Inc.",Health Care,S&P 600 (SmallCap),2497707264,322.46,72027890.19999999,NCM,EQUITY,0.11446,34872376,0.17052001,0.151,3.0
URBN,"Urban Outfitters, Inc.",Consumer Discretionary,S&P 600 (SmallCap),6634149888,77.47,64933029.9,NMS,EQUITY,0.07476,4627125,0.18732001,0.114,1.476
USLM,"United States Lime & Minerals, Inc.",Materials,S&P 600 (SmallCap),3422521856,119.3,20158121.0,NMS,EQUITY,0.35664,47104248,0.21354,0.083,27.543
VCTR,"Victory Capital Holdings, Inc.",Financials,S&P 600 (SmallCap),7149257728,116.23,80830991.2,NMS,EQUITY,0.29569998,520321760,0.19045,0.24,2.066
VSXY,Victoria's Secret,Consumer Discretionary,S&P 600 (SmallCap),7394319360,93.02,142824768.4,NYQ,EQUITY,0.03121,241875008,0.32016,0.153,1.264
WDFC,WD-40 Company,Consumer Staples,S&P 600 (SmallCap),3120404736,232.5,25623825.0,NMS,EQUITY,0.13225001,68620496,0.33306,0.243,2.654
WHD,"Cactus, Inc.",Energy,S&P 600 (SmallCap),5804989952,72.4,76890972.0,NYQ,EQUITY,0.119849995,129337624,0.13114001,0.643,2.587
WOR,Worthington Enterprises,Industrials,S&P 600 (SmallCap),2784368384,56.9,10116820.0,NYQ,EQUITY,0.113000005,23372124,0.15777001,0.169,2.369
WT,"WisdomTree Investments, Inc.",Financials,S&P 600 (SmallCap),3443870208,22.73,71267642.0,NYQ,EQUITY,0.13266,156595376,0.18731001,0.573,2.995
YOU,"Clear Secure, Inc.",Information Technology,S&P 600 (SmallCap),6267977728,46.16,91824703.2,NYQ,EQUITY,0.14778,418440384,1.19174,0.266,1.04
ZWS,Zurn Elkay Water Solutions Corp.,Industrials,S&P 600 (SmallCap),8462386176,51.02,47218499.8,NYQ,EQUITY,0.15454,322675008,0.16919,0.105,3.053
